,User,Pesan,Jam,Tanggal
0,rigeladitya,Padahal SWF itu ga cuma konstruksi. BRIS juga dapat dana dari SWF.,11:45:37 PM,"Tuesday, March 23, 2021"
1,hery,kasihan naik terus. istirahat dulu,10:52:19 PM,"Tuesday, March 23, 2021"
2,hery,"eitsss.. sudah selesailah, masa mau sampai tengah malam :sweat_smile::sweat_smile:",10:41:51 PM,"Tuesday, March 23, 2021"
3,Hendro Masori,Mantap. Mas Jutha emang jempolan kok. Seneng beliau ada di sini,10:18:49 PM,"Tuesday, March 23, 2021"
4,Severinus Utomo,Tampaknya dari grup sucor gabung pak karena banyak yang ngefans dengan bapak @JuthaBram,10:07:10 PM,"Tuesday, March 23, 2021"
5,Hendro Masori,Bentar lagi 17 rb,10:06:14 PM,"Tuesday, March 23, 2021"
6,Erry Suswandi,Rombongan penumpang same pak HM...:grin:,10:05:44 PM,"Tuesday, March 23, 2021"
7,Jutha Bram,5 april pak baru enak dan aman utk ride bullish market nya lg...,9:38:42 PM,"Tuesday, March 23, 2021"
8,Severinus Utomo,Kuatlah mari kita lihat,9:30:20 PM,"Tuesday, March 23, 2021"
9,Kaanzâœ“,Aminn doa in baik aja,9:28:14 PM,"Tuesday, March 23, 2021"
10,Hen,AMIN :pray:,9:18:18 PM,"Tuesday, March 23, 2021"
11,Nana Paramita,Nambah lagi bacaan malem ini @RuiAuxilia :grin:,9:18:08 PM,"Tuesday, March 23, 2021"
12,Paw Paw,turun dulu lah coal biar enak yg mau cocol,9:16:13 PM,"Tuesday, March 23, 2021"
13,Puspita Wardani,Batal pesta coal :joy:,9:15:30 PM,"Tuesday, March 23, 2021"
14,Faliq H,"Mantap pak nathan, INDY turun dulu yuks",9:11:14 PM,"Tuesday, March 23, 2021"
15,apieth,"Misal smpai akhir maret ga reach 6182, april tetep bs bull ga pak?",9:02:23 PM,"Tuesday, March 23, 2021"
16,Rui,"Wah benar, yang staggering stop itu ya ... biar intinya average lossnya nilainya masuk dalam risk tolerance ... thank you remindernya kak :pray:ğŸ½:smile: 

Kebiasaan CL all-in soalnya hahaha patut diuji coba ni",8:51:23 PM,"Tuesday, March 23, 2021"
17,Supriyanto,UNIQ,8:49:37 PM,"Tuesday, March 23, 2021"
18,Chai Lie,Bandar same itu,8:49:15 PM,"Tuesday, March 23, 2021"
19,Kaanzâœ“,Itu antri mau masuk SAME kak:joy:,8:48:29 PM,"Tuesday, March 23, 2021"
20,Meneer Greg,Sudah joggingnya pak Carik? @luckv02,7:45:45 PM,"Tuesday, March 23, 2021"
21,Hotmanahan Simanungkalit,Amin...pak de,7:40:32 PM,"Tuesday, March 23, 2021"
22,Bapakne Naila,"Wo iya jelas, PKT kebagian 2/3 untuk suplai area indonesia",7:38:36 PM,"Tuesday, March 23, 2021"
23,Kaanzâœ“,"Masih planing ini, petani pasti butuh pupuk"":joy:",7:35:06 PM,"Tuesday, March 23, 2021"
24,rigeladitya,":point_up::+1: â€”- Setuju. Ini bukan soal mencari dan mengcopy cara/teknik/sistem trading hebat yang dilakukan oleh trader hebat. Tapi mencari sistem trading yang sesuai dengan kepribadian dan karakter kita. Tiap orang punya strateginya sendiri, kalau meniru strategi orang dan dicoba sama kita dan merasa tidak nyaman, berarti tidak cocok. Jangan dipaksakan.",7:30:18 PM,"Tuesday, March 23, 2021"
25,Meneer Greg,"Hello pak

Trade plan itu bukan fix harga mati.

Need to be reviewed from time to time, masih masuk tidak asumsinya? Masih in-line atau tidak kondisinya, sesuai timeframe atau tidak...

Kalau memang ada perubahan dan/atau ada prospektif trade lain ya, close it and move on.

Santai kok, yg penting sukses in the long run, itu aja. :pray:",7:23:05 PM,"Tuesday, March 23, 2021"
26,rigeladitya,"kalau di bukunya Minervini ada Ci Rui strategi CL sebagian, untuk antisipasi false break. Misal toleransi risk 7,5% kemudian titik CL-nya separuh di -5%, dan separuhnya lagi di -10%. Rata-ratanya tetap 7,5%. Tapi tetap, kalau sudah sentuh titik-titik CL ya dibuang. Respect risk.",7:22:51 PM,"Tuesday, March 23, 2021"
27,Faliq H,"Hayok disedot ini materi dari Rayner Teo. Setelah download 1,2 GB dan baca semua materinya, ternyata price action sesimple itu. Yg susah adalah psikologis ğŸ¥º",7:21:49 PM,"Tuesday, March 23, 2021"
28,Rui,"Bener kak, dia salah satu panutan saya, belajar banyak dari video2nya dia :+1:ğŸ¼",7:17:58 PM,"Tuesday, March 23, 2021"
29,Rui,"Makasih Pak sudah bantu jawab :pray:ğŸ½:pray:ğŸ½ ini benar sekali CL ya CL, ga ada CL sebagian, saya kalau boleh tambahkan utk saya pribadi CL biasanya saya gunakan 1 x ATR (Average True Range) dari support buat mengantisipasi gejolak harga yang kadang nembus support sedikit abis itu mantul dan membentuk ekor panjang, namun dg ATRpun saya masi menyesuaikan dg toleransi loss saya, kl 1 x ATRnya melebihi toleransi loss saya ya saya biasanya ga akan entry, akan cari entry point yg lebi bagus :pray:ğŸ½",7:16:40 PM,"Tuesday, March 23, 2021"
30,Arif Robani,"Makasih ilmunya pak, izin nanya kalo misal target tp kita tidak terpenuhi dalam kurun waktu yang lama, tapi juga blum nyentuh batas cl kita apa sebaiknya yang dilakukan?",7:14:20 PM,"Tuesday, March 23, 2021"
31,Andhe,"Jd inget tahun lalu maret 2020, waktu itu gajian keluar tgl24 krn 25nya libur nasional. Langsung sikat beli RD saham doang terata pas banget bottom indeks, tgl 26 nya terbang ampe sekarang. Mayan banget",7:04:45 PM,"Tuesday, March 23, 2021"
32,Meneer Greg,"Izin share,

Trade plan: entry point, stop loss, take profit harusnya dibuat dengan jernih dan objective.

Kalau CL touched berarti sudah kena batas toleransi kerugian anda,
CL harusnya adalah seluruh position, because when you are wrong - you are wrong!
(Jangan dicicil, apalagi di average down!)

Partial TP it's OK.

Kalau CL touched dan harga bergerak naik ( in case saham Indonesia) ya nasib.
Tapi harusnya masih tetap OK kalau tidak all in + margarin :blush:

Then...find another setup for nxt trade.

Semoga membantu...Good luck!",6:59:55 PM,"Tuesday, March 23, 2021"
33,Dior,Amin Pakde,6:42:45 PM,"Tuesday, March 23, 2021"
34,INDF 3000,"Itu hanya prediksi mba, besar sekali kemungkinan salahnya..tetap pada trading plan mba aja..:pray:",6:33:59 PM,"Tuesday, March 23, 2021"
35,Willy N,"Wkwkwkw saya punya brg minus di same, jd semangat. Jadi ga sabar tgg gajian buat avg down :joy:",6:26:38 PM,"Tuesday, March 23, 2021"
36,Rui,"Nah berarti bole dipantau dan dipelajari ... siapakah gerangan KZ ini, dia mulai beli dari kapan exactly pertama kalinya, seberapa cepat dia beli dan kapan :smile::smile: seperti MS di SAME, itu dia tgl 10 Desember 2020 pertama kali masuk dan belanja di SAME ...  ayo ayo ikutan jadi sales :+1:ğŸ½:+1:ğŸ½:laughing:",6:25:04 PM,"Tuesday, March 23, 2021"
37,Rui,"Ga perlu naik jabatan, yang penting cuan lebarrrrrr ğŸ¤£ğŸ¤£ğŸ¤£

@hmasori aminn pak, semoga ekonomi cepat pulih jadinya lebih adem ayem perasaan meskipun masi ada covid :pray:ğŸ½:pray:ğŸ½

@luckv02 nah ini setuju, kl pariwisata sudah pulih ini udah golden cross plus morning starnya dah buat sinyal reversal ğŸ¤£ğŸ¤£",6:20:22 PM,"Tuesday, March 23, 2021"
38,EPR141ERLANGGA,Tempat pijet itu masuk kategori tempat wisata kak? :sweat_smile:,6:20:17 PM,"Tuesday, March 23, 2021"
39,Hendro Masori,Client saya consumer good udah mulai belanja research. Belum balik seperti pandemi sih. Tapi dikit lagi lah.,6:19:52 PM,"Tuesday, March 23, 2021"
40,Hendro Masori,"Btw sekedar sharing. Saya di bisnis jasa marketing research di bulan Maret ini mulai merasakan peningkatan sales secara significant.

Bisnis saya ini saat ada pandemi sebangsa Covid19 pasti kena dampak yg pertama dan pulih yg terakhir. Karena perusahaan kalau mau hemat yg pertama dipotong adalah dana research dulu. Kalau udah mulai pulih ya dana reaearch yg terakhir dibelanjakan.

Poin saya adalah semoga ini tanda2 ekonomi mulai pulih. Kalau perusahaan2 sudah mulai belanja research berarti mereka sudah mulai reversal.

Semoga berlanjut terus pemulihan ekonomi Indonesia. Aamiiiiiin....",6:17:45 PM,"Tuesday, March 23, 2021"
41,Dimas Prakoso,Wooow mantap berarti pak de :grin::joy::+1:,6:17:34 PM,"Tuesday, March 23, 2021"
42,Rui,"Kalau Buy dikurangi Sell ya silakan hitung sendiri ... MS beli 59.5 Milyar nilai saham, baru dijual 360.000 rupiah saja .... jadi sekarang MS punya berapa?  Itu yang saya tulis sudah harga net .... 59.5 Milyar dikurangi 360rb ya kurlebnya masi 59.5 Milyar ...

@m_ikhsanf  Sudah dipantau berapa itu KZ beli dan jual? Dihitung Netnya kak, seberapa perbandingan dia beli dan jual :+1:ğŸ½",6:16:15 PM,"Tuesday, March 23, 2021"
43,Hendro Masori,Ci Rui material direktur Pak. :grin:,6:13:03 PM,"Tuesday, March 23, 2021"
44,Dimas Prakoso,"Nanti kalau cent berhasil lagi, lanjut smra,berhasil lagi.. naik jabatan jadi spv udah bukan sales lagi :grin::+1: #bercanda",6:12:32 PM,"Tuesday, March 23, 2021"
45,Rui,"Rahasia dapur .....

Sekali lagi ... pola pikir ritel sama bandar itu beda ... cobalah berpikir seperti bandar ... bukan ritel yang memposisikan diri gaya2an kaya bandar ya ....  sudah dikasi analisa lho, itu tinggal hitung pakai matematik saja mudah bisa tahu porsinya MS di seluruh saham SAME yang beredar di publik ada berapa dan average berapa... Lalu simpulkan sendiri secara logic itu artinya apa....

Lelah jadi sales, pembelinya manja2 , beneran dah ini kaya pak HM aj lama2, gembok trus diem duduk manis...... ğŸ™„",5:56:45 PM,"Tuesday, March 23, 2021"
46,aaa,ya udah lgsg dijawab aja kak cl diberapa... :grinning:,5:54:14 PM,"Tuesday, March 23, 2021"
47,Rui,"Kalau CL saya kena ya saya CL, that simple ... Abis itu cari entry lagi lebih di bawah karena saya mau hold SAME lama ... Abis ini nanya saya CL di berapa? ğŸ¤£ğŸ¤£",5:49:22 PM,"Tuesday, March 23, 2021"
48,Rui,"Saya amini saja Koh!! :laughing::laughing::pray:ğŸ½:pray:ğŸ½:+1:ğŸ½:+1:ğŸ½ ... sampe 1000 aj saya sudah seneng banget ğŸ¤£

yang SAME yang SAME #jualanteroooosss

@Ryusei13 maksudnya gimana bandar ngamuk? Ini pasti ga baca analisa saya diatas tadi kapan MS masuk dan seberapa besar dll ..... lagi2 mindset 'ritel vs bandar' ... coba diperlebar pandangannya kak .... baru diajak konsolidasi turun cuma seiprit sudah worry berarti ya belum paham pergerakan pasar .....",5:39:12 PM,"Tuesday, March 23, 2021"
49,Bapakne Naila,"Bukan2, salah satu ciri distribusi adl banyak berita baik keluar, analis matok target segini segitu. Untuk harga skrg saya ga ngikutin om :grin:",5:37:00 PM,"Tuesday, March 23, 2021"
50,Rick Andre,Btw cent turun dngn volume kcil.. tp same.. sprti distribusi kl ditarik 3 -4 hr kblakang dr vol nya.. sy jg ad same ci.. cm agk worry.. :pray: smoga dbawa keatas..,5:35:41 PM,"Tuesday, March 23, 2021"
51,Rick Andre,Be carefull ci.. kdng kl smpai sedetail it  bandarnya ngamuk.. :joy:..,5:33:09 PM,"Tuesday, March 23, 2021"
52,Billy,Maniac Same :joy: berarti minimal 5000 dong ci tahun ini klo maniac :rocket::rocket::rocket::rocket:,5:31:51 PM,"Tuesday, March 23, 2021"
53,Rui,"Ganjelannya bukan antrian bid tipu2 kak ... ganjelannya itu kalo bid habis lot diisi lagi terus2an, ga dikasi turun :kissing_closed_eyes:

@radityadikanasution nah gantian coba anda yang analisa broksumnya CENT",5:29:28 PM,"Tuesday, March 23, 2021"
54,Kaanzâœ“,"Bank Jago (ARTO) Siap Masuk Bisnis Syariah | Finansial - Bisnis.com
https://finansial.bisnis.com/read/20210323/90/1371431/bank-jago-arto-siap-masuk-bisnis-syariah",5:08:23 PM,"Tuesday, March 23, 2021"
55,Johny,kalo broksum Cent gimana ci,4:43:27 PM,"Tuesday, March 23, 2021"
56,Hendro Masori,Kurang pol pol an berarti. :stuck_out_tongue_winking_eye:,4:18:43 PM,"Tuesday, March 23, 2021"
57,Dave @propertyimpianmurahsurabaya,":sob: mau antri same d 458 g d ksh"" :speak_no_evil:",4:14:39 PM,"Tuesday, March 23, 2021"
58,Bhagas,"hehe iya pak,suka2 sahamnya aja..:pray:ğŸ¾

kalo lihat di tf h1 keliatan turun dengan area 246 yang perlu diliat,apabila terus lagi ya most likely lanjutt:smile:",4:03:28 PM,"Tuesday, March 23, 2021"
59,INDF 3000,CENT High rejection 4 kali ya..mungkin test area 200-230 dul,3:52:48 PM,"Tuesday, March 23, 2021"
60,Aho Lie,Bagusnya pesta blm mulai:pray::pray:,3:47:12 PM,"Tuesday, March 23, 2021"
61,Rolando,"MS, maniak same",3:41:44 PM,"Tuesday, March 23, 2021"
62,Bhagas,"iya pak betul,malah cent sudah engulf area sebelumnya menurut saya pak",3:41:31 PM,"Tuesday, March 23, 2021"
63,Rui,"Another fun fact ... dari 44B yang MS akum di bulan maret, lebih dari 50%nya alias 26B dia akum mulai saat SAME konsolidasi setelah kena reject di ATHnya :heart::smile:",3:37:23 PM,"Tuesday, March 23, 2021"
64,Aho Lie,Mirip chart ama cent:pray:,3:31:46 PM,"Tuesday, March 23, 2021"
65,Puspita Wardani,"Ya klu bandinginnya sama thn 2019 ya jelas turun lah, coba bandingin sama rokok2 lainnya",3:26:06 PM,"Tuesday, March 23, 2021"
66,Rui,:see_no_evil:ğŸ¤£ bisa aj kak JSugiarto,3:25:43 PM,"Tuesday, March 23, 2021"
67,Rui,"Parkir lamaan gapapa ko, 3 minggu lebih kalo perlu biar nanti yang parkir bukan mobil lagi tapi jet siap meluncur keatas :pray:ğŸ½:laughing:

@Akaruiii tapi masi sempet pethakilan 10 lot lho dibuang ğŸ¤£ğŸ¤£",3:22:15 PM,"Tuesday, March 23, 2021"
68,Silfia,"Same sideaway dulu aja gak papa, bikin base kuat",3:22:05 PM,"Tuesday, March 23, 2021"
69,Bhagas,same masih parkir :smile:,3:20:30 PM,"Tuesday, March 23, 2021"
70,Bow,Kalo cari pasangan berarti yg kayak bandar MS ya kak.. Setiaaaaa... :joy:,3:17:55 PM,"Tuesday, March 23, 2021"
71,"Apt, Yulianto Wijaya S Farm, RTA (FRED)",Serahkan ke market aja..kita follow market aja,3:16:15 PM,"Tuesday, March 23, 2021"
72,rigeladitya,"https://www.tharptradertest.com/pdf/Strategic-Trader-Report.pdf ini report lengkapnya pak... challenge nya kepotong di situ. Sama kaya saya btw. Buat saya sih hasilnya iya banget,  perfeksionis pengen beli bawah banget jual atas banget, persis kepribadian saya :sweat_smile::sweat_smile:",3:12:26 PM,"Tuesday, March 23, 2021"
73,JSugiarto,"Ngamati Ikan bbrp hari tunggu dibangkitkan, giliran bangkit cepet bgt naiknya. Mau beli closing kok lompat closingnya, khawatir MG buang barang pas closing :see_no_evil:",3:10:42 PM,"Tuesday, March 23, 2021"
74,Rui,cuma buang 10 lot ... ini kepencet kali ya tombol sellnya ğŸ¤£,3:09:34 PM,"Tuesday, March 23, 2021"
75,JSugiarto,"Kayaknya utk sy kok nggak tepat Ci...lha wong sy masih sering keliru, bbrp kali CL, malah mabur...terakhir Bumi, CL pas beli 63 ke 61 2 ato 3hr yll :see_no_evil: sebelumnya mcor, lsip :see_no_evil::see_no_evil:",3:08:52 PM,"Tuesday, March 23, 2021"
76,Rui,Fun fact .... bandar MS akum terus SAME dari tgl 10 December 2020 dan sampai sekarang cuma lepas 10 lot ğŸ¤£,3:08:06 PM,"Tuesday, March 23, 2021"
77,Fajar Oktavaria,"dulu saya main layang"" cuma silau aja kok pak sama seperti sekarang melihat yang merah merah :see_no_evil:",3:07:35 PM,"Tuesday, March 23, 2021"
78,Bhagas,"gak perlu akurasi tinggi"" pak,, ujungnya ke trading plan dan money manajemen:+1:ğŸ¿:+1:ğŸ¿:smile:",3:07:32 PM,"Tuesday, March 23, 2021"
79,Aho Lie,Td kereta pertama muat dikit,3:06:32 PM,"Tuesday, March 23, 2021"
80,rigeladitya,saya dulu main layangan gak sampe gini pak :joy:,3:06:18 PM,"Tuesday, March 23, 2021"
81,Fajar Oktavaria,untuk cent di 3 chart terakhir 250-254 titik pullbacknya apa besok naik atau konsol atau koreksi ? who knows,3:06:13 PM,"Tuesday, March 23, 2021"
82,Jafar Sim,"Haaiyaaa salah lagi, akurasi tetap 0% deh, closing ihsg : 6258 prediksi:6277 , cent :256 prediksi 254, ngomong ngomong tadi pak Aho sudah serok cent 254? :eyes::eyes:",3:04:22 PM,"Tuesday, March 23, 2021"
83,Kaanzâœ“,"Bener kak, turun dikit pun habis ti diangkat lagi ke harga 460-464  bener"" ga ada obat:joy:, biasa nya kalo konsolidasi disini terus kuat dan masih bisa bertahan, kalo naik ga ada obat kak:joy:",3:01:54 PM,"Tuesday, March 23, 2021"
84,A'an Wiyanto,Ini main layangan atau sparring partner tinju Pak ğŸ¤¼ğŸ¾â€â™‚ï¸ğŸ¤¼ğŸ¾â€â™‚ï¸,3:01:38 PM,"Tuesday, March 23, 2021"
85,Jafar Sim,Same banyak yg militan susah kali digoyang ğŸ¤¦â€â™‚ï¸ tadinya prediksi saya same closing di 424 pak,3:00:54 PM,"Tuesday, March 23, 2021"
86,Rui,ini bener2 ga dikasi turun sama MS ... sejak konsolidasi kemarin senin dia akum terus buanyaaak .... dan selalu di harga 464-466,2:59:55 PM,"Tuesday, March 23, 2021"
87,Fakhri Arsyan,"ini persepsi saya ya, kemungkinan drop ke garis2 merah itu. hari ini udh close di bawah garis merah yg pertama",2:57:49 PM,"Tuesday, March 23, 2021"
88,Kaanzâœ“,"Ritelnya udah ga ada cash pak mau nambah:joy:, udah pada sangkut dalem:see_no_evil:, mau averange down ragu"" :grin:",2:57:46 PM,"Tuesday, March 23, 2021"
89,rigeladitya,"Beberapa saham ga gerak bahkan malah ijo... ANTM itu loh, ga terpengaruh sama indeks. Ritelnya udah habis kali ya?",2:56:53 PM,"Tuesday, March 23, 2021"
90,INDF 3000,"Lord MG masuk LSIP..
hehehe,biasanya ga pernah merhatiin ini, tapi hype banget nih MG:grin:

Kita lihat apakah MG bener2 sakti :sunglasses:",2:55:51 PM,"Tuesday, March 23, 2021"
91,Rui,Maen layang2 sampe masuk angin maksudnya pak? ğŸ¤£ Ko seram kali simptomnya hahahaha,2:55:44 PM,"Tuesday, March 23, 2021"
92,Hendro Masori,Trio saham saya masih bertahan. Same ssms lppf...,2:55:05 PM,"Tuesday, March 23, 2021"
93,Kaanzâœ“,"Bakal kek gimanağŸ¤£, BBCA sebagai sektor defensif ihsg akan tumbang kah:see_no_evil:",2:54:15 PM,"Tuesday, March 23, 2021"
94,Hendro Masori,"Kadang trading saham itu kayak maen layang2. Ada saat dimana mata merah, tenggorokan kering, muka pucat, hidung meler, bibir pecah pecah... :grin:",2:54:09 PM,"Tuesday, March 23, 2021"
95,Carlo Micelli,Amin,2:53:39 PM,"Tuesday, March 23, 2021"
96,rigeladitya,BUMI memimpin coal... Juara nih KOMPAS100,2:53:25 PM,"Tuesday, March 23, 2021"
97,Fakhri Arsyan,Chartnya bbca cukup menggambarkan sih buat ihsg,2:53:04 PM,"Tuesday, March 23, 2021"
98,Mic,Jooss bwpt,2:52:13 PM,"Tuesday, March 23, 2021"
99,Dane Fernando,Oke BEBS,2:52:00 PM,"Tuesday, March 23, 2021"
100,Bow,*ketiduran di stasiun 450 SAME...,2:50:07 PM,"Tuesday, March 23, 2021"
101,Rui,"Hahahaha SAME dari 2020 tapi masi pethakilan terus kak, keluar masuk makanya hasilnya juga blm maksimal :laughing::laughing: dan bener banget sih itu, saya kadang terlalu kritikal sama analisa sendiri, makanya suka ga percaya sama trading plan sendiri padahal biasanya bener dan sangat membuahkan hasil kalau disiplin 

Ayo2 lanjut belajarrr âœğŸ½âœğŸ½âœğŸ½:book::book:",2:48:56 PM,"Tuesday, March 23, 2021"
102,Erich,bca mao tutup gap..doid arakan kburu ga ğŸ¤ª,2:48:46 PM,"Tuesday, March 23, 2021"
103,Kaanzâœ“,"Masih kuat, PTBA juga masih tertahan di atas suportnya",2:47:44 PM,"Tuesday, March 23, 2021"
104,rigeladitya,"Gimana gak detil dirimu.. Beli SAME dari 2020, diubek ubek itu chart dan broksum, hapal titik support resist, hapal tanggal CA, hapal yang beli broker mana aja. Tapi... hasilnya ga mengkhianati usahanya.",2:44:24 PM,"Tuesday, March 23, 2021"
105,Erich,doid doid doid ara,2:44:15 PM,"Tuesday, March 23, 2021"
106,shely veronica,CENT strong :smile:,2:43:30 PM,"Tuesday, March 23, 2021"
107,Silfia,"Setiap cpo naik, ihsg malah turun, bener2 di jegal semesta :see_no_evil:",2:42:27 PM,"Tuesday, March 23, 2021"
108,"Apt, Yulianto Wijaya S Farm, RTA (FRED)",BBCA ternyata terdeteksi pattern rising wedge dan dicurigai ada head n shoulder dg titik penting 33 rb...break dan bertahan dibawah 33 rb akan menuju ke 30900/ medium ke target pattern HnS di 29500-29700...long term ke 27650-28000 (nutup gap),2:42:08 PM,"Tuesday, March 23, 2021"
109,Erich,brmmmmmm...minggir22..ada yg ijo tebel pas market vibe jelek..si raja duit,2:42:04 PM,"Tuesday, March 23, 2021"
110,Fajar Suryo,Dikunyah yang masuk MIKA kemarin ğŸ¥´,2:41:33 PM,"Tuesday, March 23, 2021"
111,Rui,"ğŸ¤”  bener banget sih ini, kadang terlalu critical .... Thank you ya buat yang sudah share link ini :pray:ğŸ½:pray:ğŸ½",2:41:13 PM,"Tuesday, March 23, 2021"
112,Aho Lie,Inget klo merah saatnya belanja bukan kita tebalik:pray::pray:,2:39:46 PM,"Tuesday, March 23, 2021"
113,Billy,"Saya kok liat chart bursa regional dan US vibe2 nya ga enak ya.. Mengingatkan sideways akhir 2019 ke awal maret 2020 :joy: semoga salah deh..

Tp kaya abis aja gtu power nya.. Harus reset dlu biar nanti narasi apapun bisa gerakin market... Klo sekarang berita positif apapun ga begitu signifikan efek nya",2:39:07 PM,"Tuesday, March 23, 2021"
114,Kaanzâœ“,"Hahahaha tutup porto aja lah:joy:, buka awal April biar ijo @RuiAuxilia",2:38:57 PM,"Tuesday, March 23, 2021"
115,Rui,"kalau turun dalam ya saya tjidoek bawah lagi kak :heart::heart::smile:

Ayo duo SAME dan CENT, kita joget menyamping 3 minggu duluuu ... SAME SAME NA HEY HEY HAKA HAKA HEY HEYYY :dancer:ğŸ½:dancer:ğŸ½:dancer:ğŸ½",2:34:47 PM,"Tuesday, March 23, 2021"
116,Wawan,BBKP wassalam :see_no_evil:,2:34:46 PM,"Tuesday, March 23, 2021"
117,Jafar Sim,"Ya pak, berarti kalau saya tidak berubah maka saya tidak akan menjadi trader sukses",2:32:28 PM,"Tuesday, March 23, 2021"
118,Aho Lie,Mudah2 an gak terutama cent krn pesta blm mulai tenda blm dipsg:pray::pray:,2:30:36 PM,"Tuesday, March 23, 2021"
119,Davis We.,Rata2 breakdown support ğŸ¤£,2:30:30 PM,"Tuesday, March 23, 2021"
120,Puspita Wardani,SAME dijagain masih sangat aman,2:30:23 PM,"Tuesday, March 23, 2021"
121,erison koleman,"same,cent turun dikit-dikit lamaan bisa dalam juga",2:29:44 PM,"Tuesday, March 23, 2021"
122,Wibowo Soedjono,SAME nya kuat ya ğŸ¤­,2:27:29 PM,"Tuesday, March 23, 2021"
123,Dwi Prastowo,Uniq,2:20:37 PM,"Tuesday, March 23, 2021"
124,Benanta,"Bank kecil party? 

Bbyb
Babp",2:18:56 PM,"Tuesday, March 23, 2021"
125,A. Furkon A.,Bvic bangkit,2:16:57 PM,"Tuesday, March 23, 2021"
126,Raditbima,Lot jumbo Semesta indovest masuk BGTG?:grin:,2:14:39 PM,"Tuesday, March 23, 2021"
127,Erich,in bbca we trusts? :see_no_evil::see_no_evil:,2:13:58 PM,"Tuesday, March 23, 2021"
128,Jafar Sim,"Lebih baik sruput kopi aja pak :grin: tadi saya ikutan test ternyata saya tipe supportive trader, ya udalah saya entry karena pola htf ya belajar disiplin aja deh, karena walaupun dmmx 420 masih on track",2:12:38 PM,"Tuesday, March 23, 2021"
129,Benanta,Mtps,2:12:15 PM,"Tuesday, March 23, 2021"
130,"Apt, Yulianto Wijaya S Farm, RTA (FRED)","Waspada IHSG....support 6261. breakdown ke 6174...Dan angka 6174 ini jika di breakdown, turunnya agak dalam di 5971-5990",2:04:32 PM,"Tuesday, March 23, 2021"
131,Septio Hanifa,Bnga offer nya tipis tapi mrosot:sweat_smile:,1:57:39 PM,"Tuesday, March 23, 2021"
132,Jafar Sim,"Yaaa takut FOMO tutup aja ah tradingnya, takutnya ga kuat liat ihsg dibawa ke 6277 dan dmmx nya dihajar di 420 :joy: takut khilaf",1:55:00 PM,"Tuesday, March 23, 2021"
133,Reny,Thn ini SSMS bagi dividen..utk besarannya menunggu RUPS krn laba mereka di 2020 mencapai 400M,1:54:33 PM,"Tuesday, March 23, 2021"
134,Aho Lie,Mksd iptv serg ikut w ?,1:50:21 PM,"Tuesday, March 23, 2021"
135,Benanta,Cash & cash w naik pelan2,1:49:28 PM,"Tuesday, March 23, 2021"
136,Aho Lie,Klo gak salah bbni blm bagi deviden klo bagi hrsnya ke 6500 ssmpi 6700:pray::pray:,1:49:19 PM,"Tuesday, March 23, 2021"
137,Aho Lie,Saya dulu serg saham lq 45 termsk bank bbri bmri:pray::pray:,1:47:23 PM,"Tuesday, March 23, 2021"
138,Aho Lie,Gak tar jg balik lg beda ama cum r yg anjlok krn harga teoritis klo deviden turun kecil gak lama balik lh,1:45:12 PM,"Tuesday, March 23, 2021"
139,ğ–‹ğ–—ğ–ğ–Šğ–“ğ–‰ğ– ğ–†ğ–ğ–,BBCA 33K,1:44:54 PM,"Tuesday, March 23, 2021"
140,Chai Lie,"Oh, klo bank biasanya sehabis cumdate bisa anjlok gak ?",1:43:36 PM,"Tuesday, March 23, 2021"
141,Aho Lie,Beli diberp klo bbri gak usah takut:pray::pray:,1:43:33 PM,"Tuesday, March 23, 2021"
142,Andre Salim,tembok berlin BBCA 33k,1:43:15 PM,"Tuesday, March 23, 2021"
143,Aho Lie,Klo saham bank biasanya ikut ihsg finance merah:+1::pray::pray:,1:42:31 PM,"Tuesday, March 23, 2021"
144,Obama,Saham iptv nge prank ritel,1:41:13 PM,"Tuesday, March 23, 2021"
145,Chai Lie,"Bmri hari ini cumdate tapi harganya gak gerak2, disitu2 aja, knp ya?",1:40:33 PM,"Tuesday, March 23, 2021"
146,Aprilio Perkasa Manganang,Ara mpow,1:38:27 PM,"Tuesday, March 23, 2021"
147,Puspita Wardani,"Cakep amat gk pakek rem, gass poll",1:37:37 PM,"Tuesday, March 23, 2021"
148,Aho Lie,Yg msu naik kereta cent:pray::pray:,1:32:25 PM,"Tuesday, March 23, 2021"
149,Aprilio Perkasa Manganang,Mpow:rocket::rocket::rocket::rocket::rocket::rocket:,1:31:25 PM,"Tuesday, March 23, 2021"
150,Bambang Sudarso,Makanan siang MPOW :rocket::grin:,1:26:42 PM,"Tuesday, March 23, 2021"
151,bryan,Hallo Google. Apakah ihsg kembali rebound?,1:17:26 PM,"Tuesday, March 23, 2021"
152,Romi Prayudi,smg bumn karya lainnya sama ya pak. sy adanya PTPP soalnya :joy::joy:,1:13:52 PM,"Tuesday, March 23, 2021"
153,Denny Wang,Tq pak Jutha..  ak nyangkut wskt dari mid januari 1900an,1:13:29 PM,"Tuesday, March 23, 2021"
154,Lukas Santoso,ok pak...berarti siap2 FOMO ini awal2 April...mksh:pray::grinning:,1:01:39 PM,"Tuesday, March 23, 2021"
155,Pooka Chu,Teman2 mohon maaf apakah disini ada yg kerja di Shopee atau ada yg punya kenalan di Shopee ?,12:50:33 PM,"Tuesday, March 23, 2021"
156,farizal,"pak @JuthaBram ada insight mengenai kondisi IHSG saat ini? bbrapa minggu k blakang ini seringnya koreksi.

Apa lbih baik full cash untuk saat ini?",12:43:35 PM,"Tuesday, March 23, 2021"
157,Denny Wang,"Wskt gimana pak jutha?  Skrg 1390. Nyangkut parah

@JuthaBram",12:40:05 PM,"Tuesday, March 23, 2021"
158,Jafar Sim,@JuthaBram kalau dmmx pak? Harga sekarang 426 sempat 424 jug,12:34:11 PM,"Tuesday, March 23, 2021"
159,Jutha Bram,"Saya ga pernah beli dan ga pernah mantau SAME, jd saya no comment pak. Maaf ya:pray:

Sy hanya mau kasi input soal chart bapak yg terlalu sempit saja td.
Terlalu bahaya pak kl mandang chart terlalu sempit...
View kita kurang luas dan kadang gak kliatan jurang mengangga atau peluang didepan kl view sempit:pray:",12:32:13 PM,"Tuesday, March 23, 2021"
160,Kelon Mas,"siap pak, beberapa hari ini saya perhatikan area 450-460 sepertinya support kuatnya, beberapa kali mantul dari sana, dari TF 30 menit rencananya saya mau masuk pak, menurut bapak gimana ya, apakah OK pak?",12:30:22 PM,"Tuesday, March 23, 2021"
161,DenmasBams,Kalo SAME supertrend,12:27:04 PM,"Tuesday, March 23, 2021"
162,Bved VX,Guys apakah bbca tahan di support 33rb nya?,12:25:54 PM,"Tuesday, March 23, 2021"
163,Jutha Bram,"Maksud saya, coba bapak liat dulu trend besarnya di chart daily lah minimal.
Arahnya mau kemana ini?
Dr chart daily, bisa dilihat apakah dia mau pullback dl atau tetap lanjut ngegas. Barulah bisa putuskan entry atau exit utk dpt harga terbaik di chart kecil pak...",12:23:51 PM,"Tuesday, March 23, 2021"
164,David,Haha amin mari support same . Retail bersatu kita stronggg.. walo ihsg mengkhawatirkan sih ini jebol 6300 support psikologis,11:41:51 AM,"Tuesday, March 23, 2021"
165,David,Same sesi 2 ke 490 an gas yu,11:39:33 AM,"Tuesday, March 23, 2021"
166,Lukas Santoso,"Ci Rui, kalo garis aligator hijau SAME ada di angka 446 misal sy anggap itu supportnya utk saat ini apa bisa ya?",11:24:06 AM,"Tuesday, March 23, 2021"
167,RU0**9* (RUZANNA AMANINA),Bwpt...masih ijo..yang lain udah loyo :sweat_smile::sweat_smile:,11:18:29 AM,"Tuesday, March 23, 2021"
168,Bow,*selonjoran di stasiun SAME 450... :joy:,11:17:57 AM,"Tuesday, March 23, 2021"
169,Rui,Nah muncul 1 dengan pertanyaan macam ini ..... trading plannya bagaimana di RAJA sama SAME kak?,11:10:49 AM,"Tuesday, March 23, 2021"
170,Kaanzâœ“,"SAME nya masih pegang :see_no_evil:, RAJA nya dah lepas:laughing:",11:09:14 AM,"Tuesday, March 23, 2021"
171,Wah H,Msh oke gk y pegang raja n same guys,11:08:38 AM,"Tuesday, March 23, 2021"
172,Fadli,same istirahat dulu laa,11:07:32 AM,"Tuesday, March 23, 2021"
173,Rui,SAME SAME NA HEY HEY WAKA WAKA HEY HEY!!! :dancer:ğŸ½,11:07:10 AM,"Tuesday, March 23, 2021"
174,Hendra Choo,RALS udh jalan duluan. saham musim lebaran.,11:06:09 AM,"Tuesday, March 23, 2021"
175,Abdi,skenario ihsg masih seperti yg terakhir di share pak? @JuthaBram,11:05:49 AM,"Tuesday, March 23, 2021"
176,brian,mG ada di lsip juga ğŸ¥º,11:04:57 AM,"Tuesday, March 23, 2021"
177,Kaanzâœ“,"Raja saya buang tadi pak, mau TP pagi"" ajaib nya ngelag:joy:, telat dah udh merah baru bisa ğŸ¤£",11:04:24 AM,"Tuesday, March 23, 2021"
178,Erich,aneh apa penipu namanya pak? beda antara pum2 dan data di lapangan? :scream::scream::scream:,11:04:00 AM,"Tuesday, March 23, 2021"
179,Jose,indf udah otw 7000 om,11:03:22 AM,"Tuesday, March 23, 2021"
180,Hendra Choo,blm tau jg. kalo d liat penjualan Q4. lumayan naik byk. pas release ip12 waktu itu. hrs nya lebih baik dri Q3,11:03:03 AM,"Tuesday, March 23, 2021"
181,Wah H,SAME gmn y sama RAJA,11:02:38 AM,"Tuesday, March 23, 2021"
182,Erich,ini OD bukan? kok net sell peringkat satu?,11:02:23 AM,"Tuesday, March 23, 2021"
183,Felix,Ada yg ga beres ga sih kalau ditunda lama begini? Buat LK Q4 nya ada bocoran ga kak? Diatas apa dibawah ekspektasi?,11:00:12 AM,"Tuesday, March 23, 2021"
184,Lukas Santoso,Kalo tgl cum stock splitnya belum keluar ya ERAA pak?,10:59:21 AM,"Tuesday, March 23, 2021"
185,Yudha,"RF & MG lg beraksi di uniq, lumayan buat tontonan biar ga ngantuk :see_no_evil:",10:59:04 AM,"Tuesday, March 23, 2021"
186,INDF 3000,"LSIP
Trading Buy

Sentiment (+)
Harga CPO di Bursa Malaysia kembali menembus 4.000 ringgit per ton dalam perdagangan pasar derivatif hari ini Selasa ,23/03/2021 untuk pengiriman Juni 2021 hingga pukul 9.55 WIB. Harga CPO tercatat melonjak hingga 4.001 ringgit  atau naik 145 ringgit dibandingkan penutupan kemarin di level 3,988 ringgit Malaysia. Pada perdagangan sejauh ini, harga tertinggi CPO berada pada level 4,011 ringgit.  Level ini meski belum menembus rekor baru sebelumnya yang telah mencapai 4.141 ringgit per ton pada triwulan I/2021, tetap menjadi rekor tersendiri karena merupakan salah satu rekor tertinggi semenjak 2008 lalu.


Teknikal (+)
Secara teknikal LSIP pullbcak ke atas midchannel uptrennya dengan volume yang cukup tinggi, Indikator tren MACD positif, Stochastic netral, RSI netral.

R1: 1455
R2: 1490
S1: 1380
S2: 1350

#Disclaimer On",10:58:58 AM,"Tuesday, March 23, 2021"
187,Yudha,Eraa kapan stock split ya ? Apa udah? Kurang update info :see_no_evil:,10:50:42 AM,"Tuesday, March 23, 2021"
188,mohamad fajri,mantap bmsr :rocket:,10:41:00 AM,"Tuesday, March 23, 2021"
189,Johny Tanumihardja,"Berikut ini adalah saham-saham yang memberikan sinyal beradasarkan kombinasi 81 sinyal buy HQSahamIDX  pada 2021-03-23 10:32:20 untuk kelompok AGRI


*)LSIP terpenuhi 10 sinyal
*)SIMP terpenuhi 10 sinyal
BWPT terpenuhi 10 sinyal
DSNG terpenuhi 9 sinyal
SSMS terpenuhi 7 sinyal
*)MGRO terpenuhi 5 sinyal",10:38:26 AM,"Tuesday, March 23, 2021"
190,Benanta,BACA,10:38:24 AM,"Tuesday, March 23, 2021"
191,Hendra Choo,kira2 Q4 nya ERAA brp?  apakah tahun 2020 EPS nya bisa 2x thn 2019?,10:37:46 AM,"Tuesday, March 23, 2021"
192,Jafar Sim,"Chart dmmx daily, saya memikirkan kalau tidak hari ini ya besok ijo nya, apakah karena saat ini saya pegang stoknya maka sedang halu? ğŸ¤” lets see... :joy:",10:34:49 AM,"Tuesday, March 23, 2021"
193,Adam Faritzs,HnC itu pola yg mana ya om? Head n Cup? Handle n Cup?,10:32:44 AM,"Tuesday, March 23, 2021"
194,Hendra Choo,"iya, lebih cocok di sebut inverted HnC.",10:31:05 AM,"Tuesday, March 23, 2021"
195,Hendra Choo,"ERAA longsideways , menunggu momentum menjelang lebaran. tertahan d ma50 / 2670-2680.",10:29:16 AM,"Tuesday, March 23, 2021"
196,Tommy Hermes,Di mirae ga ada average akum brokernya:pray:ğŸ»,10:24:15 AM,"Tuesday, March 23, 2021"
197,Tommy Hermes,Tolong tanya ini pakai aplikasi apa,10:23:05 AM,"Tuesday, March 23, 2021"
198,Fajar,"Dah cek LK, Fundanya bagus koq ABMM mas, lebih mengarah ke batu bara sih, kebetulan kan pas harga coalnya naik tinggi, jadi harusnya ikut juga naik ya :pray:ğŸ»",10:19:04 AM,"Tuesday, March 23, 2021"
199,Ninok Eyiz,Sama. Ikutan numpuk berkas di sini:grinning:,10:18:51 AM,"Tuesday, March 23, 2021"
200,Benhan,SSMS payah nih ditinggal mulu,10:16:51 AM,"Tuesday, March 23, 2021"
201,Chai Lie,Sdh sejak lama simpannya :grin:,10:16:45 AM,"Tuesday, March 23, 2021"
202,Humam,"iya mas ati2 aja, diatur aja mmnya, jangan sampe bisa masuk tapi gabisa keluar.. dan dari chart keliatan banget ini saham dibandarin, klo gangguin bandarnya dan bandarnya ga terima ati2 aja klo diguyur, just my 2cent..:v:ğŸ¼",10:16:09 AM,"Tuesday, March 23, 2021"
203,Dimas Prakoso,Mana kemarin yg sering bilang arakan ndaaarrr :joy:,10:15:10 AM,"Tuesday, March 23, 2021"
204,Mic,Bwpt joss,10:14:09 AM,"Tuesday, March 23, 2021"
205,ğ–‹ğ–—ğ–ğ–Šğ–“ğ–‰ğ– ğ–†ğ–ğ–,abmm ini bisnis modelnya kayak srtg ya?,10:12:53 AM,"Tuesday, March 23, 2021"
206,Ngurah Dharma Putra,Yah zbranya yaahhh ğŸ¤¦ğŸ»â€â™€ï¸,10:12:47 AM,"Tuesday, March 23, 2021"
207,Aho Lie,Jalanin aja sesuai plan:+1::pray::pray:,10:11:54 AM,"Tuesday, March 23, 2021"
208,Murr,isat,10:10:24 AM,"Tuesday, March 23, 2021"
209,Fajar,"Iya mas abis baca insightnya di SB, ternyata ini emang saham bagus yg bener kata mas @humam213 ga liquid, tapi setau saya lebih enak masuk saham bagus disaat â€œbelumâ€ liquid :grimacing:",10:09:16 AM,"Tuesday, March 23, 2021"
210,ğ–‹ğ–—ğ–ğ–Šğ–“ğ–‰ğ– ğ–†ğ–ğ–,isat ayee,10:07:39 AM,"Tuesday, March 23, 2021"
211,Erich,abmm digerakin pasukan sb ikutin analisa thowilz ya?,10:07:07 AM,"Tuesday, March 23, 2021"
212,Carlo Micelli,CPO :fire::fire::fire:,10:06:01 AM,"Tuesday, March 23, 2021"
213,Fajar,"ABMM guys gerak, boleh di lirik nih, ayo sebelum ketinggalan :rocket::rocket::rocket:",9:59:58 AM,"Tuesday, March 23, 2021"
214,Agustin Deniro,ARTO ambless,9:58:03 AM,"Tuesday, March 23, 2021"
215,Aho Lie,Ia tp saya udh ketinggalan Same jd Cent aja:pray:,9:49:09 AM,"Tuesday, March 23, 2021"
216,Rui,CENT sama SAME skrg lg di fase 'adu kesabaran' ... duduk manis sambil menunggu dijemput di bawah :smile:,9:48:09 AM,"Tuesday, March 23, 2021"
217,Wibowo Soedjono,masih alot CENT nya ğŸ¤£ ayuk jemput jemput dlu hahahahaha,9:47:08 AM,"Tuesday, March 23, 2021"
218,Benhan,LPPF breakout,9:41:41 AM,"Tuesday, March 23, 2021"
219,rey,BWPT,9:36:42 AM,"Tuesday, March 23, 2021"
220,Hendika Amrinto Nainggolan,"CL di ZBRA ,taunya ara 2 hari,aturan profit 100%:pensive:",9:36:36 AM,"Tuesday, March 23, 2021"
221,Kelon Mas,MG Cutloss di Cent beli avg268 jual 264 :joy:,9:35:25 AM,"Tuesday, March 23, 2021"
222,rigeladitya,produksi coal dan nikel perbandingannya berapa pak?,9:22:52 AM,"Tuesday, March 23, 2021"
223,Erich,hrum lebih ke nikel pak skrg,9:21:54 AM,"Tuesday, March 23, 2021"
224,Aho Lie,Hrsnya udh simpen sblmnya:pray:,9:21:31 AM,"Tuesday, March 23, 2021"
225,Chai Lie,Hr ini cumdate bmri,9:19:11 AM,"Tuesday, March 23, 2021"
226,Yosua H,"Siap. Pandangan saya tetap bahwa seorang trader wajib bereaksi pada Market. Karena seperti kata Ci Rui, hari esok tidak ada yang tahu, dan kita adalah pengikut market, bukan pengatur market. Masing-masing reaksi ini lah yang membedakan trader satu dengan trader lain. ada yang cepat, ada yang tidak. Tentu setiap reaksi juga bukan reaksi ngawur/tidak terarah hehe Anyway, thanks too buat diskusinya ce.",9:18:47 AM,"Tuesday, March 23, 2021"
227,Andre Salim,BUMI bangkit lagi :smiling_imp:,9:18:26 AM,"Tuesday, March 23, 2021"
228,rigeladitya,"Coal yang belum break: ITMG, HRUM",9:13:12 AM,"Tuesday, March 23, 2021"
229,Mic,EMTK,9:10:42 AM,"Tuesday, March 23, 2021"
230,Rui,"Nah disini kita sudah berbeda pandangan kak, bagi saya, seorang trader itu harus antisipasi dan adaptasi, bukan bereaksi dan bereaksi itu lebih risky karena kan basically 'sudah terlambat' karena reaksi baru ada karena ada aksi. Bandar naikin harga, kamu ikut karena ini reaksi kamu, tapi pas kamu masuk bentar bandarnya jualan, terlambat lagi jadinya terpaksa cutloss, lebih risky yang mana?
So far saya pribadi menggunakan broksum juga lebi buat analisa, bukan prediksi hari esok, karena ngapain prediksi hari esok kan tidak ada yang tahu, yang bisa kita lakukan hanyalah antisipasi dengan bikin plan.
Lalu soal kata 'tidaklah mungkin' itu dilihat dalam konteksnya juga, ini kan sedang membahas apakah Patrick akan menjual sahamnya yang baru dia investasikan bulan lalu sehingga membuat harga sahamnya turun, tidak ada yang membahas perpindahan tangan dari satu sekuritas ke sekuritas lain

Thank you buat diskusinya kak, at least ada input juga pandangan dari trader lain bagaimana",9:09:20 AM,"Tuesday, March 23, 2021"
231,Erich,gali lobang tutup lobang yuks icbp,8:58:49 AM,"Tuesday, March 23, 2021"
232,wahyudi aja,Adro gap up,8:58:07 AM,"Tuesday, March 23, 2021"
233,Eru Yagami,Icbp opening 3%,8:57:47 AM,"Tuesday, March 23, 2021"
234,Benhan,"Bergaullah dg orang2 waras. Mungkin ybs ini ga gila karena ya sekelilingnya ada teman2 seperti Hu Billy.
Ada pepatah: â€œbergaul dengan orang2 dungu, maka engkau akan menjadi dungu pula.â€
Dungu di sini bukan bodoh, tapi ignorant",8:51:30 AM,"Tuesday, March 23, 2021"
235,Ciervo,"Tergantung Trade plannya sih pak...
Klo Agii bs buat long term...

Emtk juga pak...",8:50:04 AM,"Tuesday, March 23, 2021"
236,Benhan,Salah kamar nih postnya. Kalau mau nanya gini coba post dulu chartnya dan hasil coret2nya,8:49:07 AM,"Tuesday, March 23, 2021"
237,Ahmad Faruq Kholilul Bari,Pagi ini inco agii ipcc bgus mana bang?,8:47:02 AM,"Tuesday, March 23, 2021"
238,nathan,ada di ig pak rivan dirut bbkp ya,8:42:35 AM,"Tuesday, March 23, 2021"
239,nathan,dirut bbkp ketemu dirut arto apa saham bbkp akan terbang seperti arto,8:40:43 AM,"Tuesday, March 23, 2021"
240,Riko Lim,Turut berduka cita. Smga amal baiknya diterima oleh Tuhan. Keluarga yg ditinggalkan diberikan kekuatan n ketabahan. Amin.,8:19:23 AM,"Tuesday, March 23, 2021"
241,Avianto,ICBP bakal terbang nih hari ini...krn LK Q4 ini,8:17:05 AM,"Tuesday, March 23, 2021"
242,Hendra Choo,"hri ini ijo, yg serok kemarin kebagian lah 1-2%. besok merah lagi.",8:14:04 AM,"Tuesday, March 23, 2021"
243,Ikram PSD,"Innalillahi wainnailaihi rojiun, semoga amal ibadahnya diterima Allah SWT dan keluarga yang ditinggalkan diberikan ketabahan..Aamiin ya Allah YRA",8:10:26 AM,"Tuesday, March 23, 2021"
244,rigeladitya,"Seperti di film Spirited Away. Orang berbondong-bondong berburu emas mudah, apapun dilakukan.",7:22:18 AM,"Tuesday, March 23, 2021"
245,Jafar Sim,"Yess setuju, cuma masalahnya emosi nya yg masih berantakan, plan tinggalah plan, teori tinggalah teori diatas kertas aja, eksekusinya maah beedeehh berantakan ğŸ¤£ğŸ¤£ğŸ¤£",7:17:58 AM,"Tuesday, March 23, 2021"
246,Jafar Sim,"Kita tidak akan tau apa yang akan terjadi di market :smile: semoga hari ini 254 nya kejemput yaa,",7:14:13 AM,"Tuesday, March 23, 2021"
247,Jafar Sim,"Setujuu sekali, kita harus ada trading plan masing masing, yg benar secara teori sih harusnya pakai money management bertingkat seperti piramida, seperti cici guru @RuiAuxilia jadi walaupun CENT hari ini dibawa ke 254 ,bukannya sedih malah dia pasti akan lompat kegirangan karena dikasih SALE DISCOUNT emak emak ğŸ¤£ğŸ¤£langsung tambah seeeeroookk",7:07:43 AM,"Tuesday, March 23, 2021"
248,VIR136(VIVIE),"Good morning,

Stocks rise as tech rallies amid falling yields, Nasdaq closes more than 1% higher

U.S. stocks jumped on Monday led by technology shares as investors flocked back into growth names amid declining bond yields.

Dow.......32731  +103.2    +0.32%
Nasdaq.13378  +162.3    +1.23%
S&P 500..3941  +27.5      +0.70%
 
FTSE...... .6726  +17.39   +0.26%
Dax........14647  +36.2      +0.25%
CAC........5969    -29.5       -0.49%

Nikkei...29174     -617.9     -2.07%
HSI........28885    -105.6     -0.36%
Shanghai .3443  +38.8      +1.14%
ST Times..3135   -3.1         -0.10%

IDX.....6301.13   -55.03     -0.87%
LQ45.....944.28  -13.46     -1.41%

*JAKMIND...1042.08    -25.38    -2.38%*
JAKCONS....1735.98   -19.50    -1.11%
JAKTRADE...874.07    +18.55   +2.17%
JAKBIND.....1001.41   -4.55       -0.45%
JAKAGRI....1472.79    +11.71   +0.80%
JAKFIN.. ....1473.72     -23.07   -1.54%
JAKPROP......386.95     -4.65     -1.19%
JAKINFR...1059.64       -17.32   -1.61%
JAKMANU..1324.55     -14.12   -1.05%   
JAKMINE....1860.78   +5.78     +0.31%
 
Indo10Yr.6.9528    -0.0210     -0.30%
ICBI...306.6691     +0.2860    +0.09%
US10Yr....1.6840   -0.0480      -2.77%
*VIX............18.88  -2.07         -9.88%:+1:*
  
USDIndx .....91.7860  -0.1330   -0.14%
Como Indx...189.06   +0.27      +0.14%
(Core Commodity CRB)
BCOMIN..... .146.74  +0.97       +0.67%

*IndoCDS....86.474    +11.55    +15.416%*
 (5-yr INOCD5)  
 
*IDR.....14407.00   -0.50       -0.00%*
*Jisdor....14476     -20           -0.14%*


Euro.........1.1935  +0.0031  +0.26%

TLKM........23.79    +0.06       +0.25%
(3443)
EIDO..........23.08    -0.27        -1.16%
EEM...........53.92    -0.16        -0.30%

Oil.............61.55      +0.13      +0.21%
Gold ......1740.40    -3.50        -0.20%
*Timah...25850.00 +420.00  +1.65%*
*Nickel...16450.00 +187.50  +1.15%*
 
*Coal price...94.00   +1.25       +1.35%*
(Mar/Newcastle) 
*Coal price....98.40  +4.60       +4.90%:bangbang:*
(Apr/Newcastle)
Coal price.....68.50  +0.05       +0.07%
(Mar/Rotterdam) 
*Coal price. .70.60  +2.35        +3.44%:bangbang:*
(Apr/ Rotterdam)
 
*CPO(Jun)....3837   +117      +3.15%:bangbang:*
(Source: bursamalaysia.com)             
Corn...........549.00   -8.75     -1.57%
SoybeanOil...56.37 +2.50    +4.64%
Wheat....... 627.25  +0.25    +0.04%

Wood pulp.5850.00   unch   +0%

( *DE*/ *Phintraco(AT)*  23-03-21)
    
*****",6:27:19 AM,"Tuesday, March 23, 2021"
249,Kaanzâœ“,Good morning pak meneer,5:25:53 AM,"Tuesday, March 23, 2021"
250,Nanang Eko,Dunia semntara akhirat selamamya:joy:,12:22:22 AM,"Tuesday, March 23, 2021"
251,Bayu Anggara,"Ya namanya harga naik ya sementara, turun juga sementara. Tapi sementara itu bisa 1 bulan, 1 tahun bahkan 3 tahun. Hehe.",12:19:13 AM,"Tuesday, March 23, 2021"
252,rigeladitya,https://www.tharptradertest.com/pdf/Detailed-Trader-Report.pdf detilnya nih bu...,11:57:11 PM,"Monday, March 22, 2021"
253,William Limanto,"Permisi, Untuk liat tren saham
 Kan Klo komoditas tidak sebagai bahan baku, itu komoditas naik, saham naik, konsumen turun
Cthe nikel naik sm antm naik
Sedangkan
Klo komoditas sbg bahan baku, itu komoditas naik, saham turun lalu konsumennya gmn? Apakah  naik?, thank you",11:54:51 PM,"Monday, March 22, 2021"
254,rigeladitya,"Kalau saya liatin TT Twitter Dewa Kipas... banyak meme, ngakaaaakk. ğŸ¤£ğŸ¤£ğŸ¤£",11:35:12 PM,"Monday, March 22, 2021"
255,Kaanzâœ“,"SAME hari ini cukup diakumulasi banyak ya, semoga konsolidasi ditahan diharga 450 an",10:57:51 PM,"Monday, March 22, 2021"
256,Iceman29,Mantap Pak Rolando niy. OJK nya The Traders. :grin:,10:42:55 PM,"Monday, March 22, 2021"
257,Rikzaaa Kamil,nulis sambil di ucap. dijamin bakal nempel lebih lama :v:ğŸ¼,10:41:49 PM,"Monday, March 22, 2021"
258,Benhan,"Haha jejak digital ternyata efektif lawan cheating... hari ini udah terekspos dua orang pembual :smile:
Hati2 rekan2 yg suka pompom saham di sini. Pak Rolando is watching you... :wink:",10:41:02 PM,"Monday, March 22, 2021"
259,Benanta,Ane dapet socially responsible Trader :sweat_smile:,10:33:23 PM,"Monday, March 22, 2021"
260,rigeladitya,"ho yaa? wah saya belum baca bukunya. cuma ulasan detilnya aja 5 halaman. Sip tks pak, jadi wishlist deh.",10:17:14 PM,"Monday, March 22, 2021"
261,Fajar Oktavaria,izin save buat referensi bacaan buku :pray:,10:16:35 PM,"Monday, March 22, 2021"
262,rigeladitya,silakan... coba aja dan share hasilnya di sini juga bole,10:13:36 PM,"Monday, March 22, 2021"
263,Andrian,ngeri emang jejak digital,10:11:53 PM,"Monday, March 22, 2021"
264,Hendro Masori,Ok,10:10:39 PM,"Monday, March 22, 2021"
265,rigeladitya,"Pak HM, izin share ini ya... Saya dapat survei ini dari grupnya pak @JuthaBram ... tes psikologis untuk mengetahui tipe trader seperti apakah kita. Diberi tahu kelebihan dan kekurangan dari karakter trading kita... kalau buat saya sih, hasilnya ""iya"" banget sama kepribadian saya. Maap kalau udah pernah dishare
https://www.tharptradertest.com/default.aspx?question=1",10:10:24 PM,"Monday, March 22, 2021"
266,Hendro Masori,Udahlah jangan coba2 buat membual disini,10:08:50 PM,"Monday, March 22, 2021"
267,Hendro Masori,Masaaaaa,10:07:31 PM,"Monday, March 22, 2021"
268,rigeladitya,langsung out orangnya masa :sweat_smile:,10:07:22 PM,"Monday, March 22, 2021"
269,Hendro Masori,:joy::joy::joy::joy:,10:06:59 PM,"Monday, March 22, 2021"
270,Hendro Masori,Intel saya gak ada duanya,10:06:30 PM,"Monday, March 22, 2021"
271,Hendro Masori,Kepalsuan bisa diungkap cepat,10:05:55 PM,"Monday, March 22, 2021"
272,Hendro Masori,Jejak digital memang berat,10:05:26 PM,"Monday, March 22, 2021"
273,Ronny,Ngeri ama om rolando :joy::joy: 16ribu member lebih. Ketik koma kelebihan 1 6 bulan lalu jg ingat dia,10:05:21 PM,"Monday, March 22, 2021"
274,Rolando,"hmm... saya ndak percaya, yg pernah anda bicarakan di grup ini:
FIRE, MTPS, PURE, CAMP, ITIC, VICO, VINS, KIAS, LUCK, BEEF.
itupun dengan icon roket dan ""arakan ndar""",10:04:35 PM,"Monday, March 22, 2021"
275,Hendro Masori,Lha ya itu namanya takut Pak. Hihihi,9:58:55 PM,"Monday, March 22, 2021"
276,Jose,"test nya berani Pak, yg takut kalo positif trus isolasi sendirian :sob:",9:58:14 PM,"Monday, March 22, 2021"
277,Benanta,"Sama ni ko, ane juga baru balik modal stlh trading 3 taun malah uda sempet cuan 10% Dr total porto, eh sekrg uda mulai ke gerus lagi profitnya gegara kepedean jadi greed, eniwe penyakit nya masi sama Dr awal trade, porto supermarket,, susah bgt mo reduce dibawah 10,, informasi & rekomendasi dimana2 takut ketinggalan party :sweat_smile::joy:",9:58:12 PM,"Monday, March 22, 2021"
278,Hendro Masori,Demi refreshing ke Bali sih kalau saya rela hidung saya diobok obok,9:56:47 PM,"Monday, March 22, 2021"
279,Rui,Sini pak ke Nusa Dua! :grin::grin:,9:56:27 PM,"Monday, March 22, 2021"
280,Jose,"merindukan hal ini saya.... Pak Carik @luckv02 kayaknya saya butuh ganti suasana nih, misal duduk di depan laptop , sambil menikmati sunset di nusa dua atau buka laptop sambil menikmati sunrise di puncak gunung",9:54:52 PM,"Monday, March 22, 2021"
281,rigeladitya,"tulisan tangan saya, kadang saya sendiri gabisa baca. serius. sumpah demi. :sweat_smile:",9:54:49 PM,"Monday, March 22, 2021"
282,Billy,"Ada juga tmn yg sama year of experience nya.. Tp masih bangkrut ampe skrg.. Kalau di hitung dari awal trading.. Knp? Karena ga mau berubah.. Tetap dgn style trading yg cuma jd follower buy when.. ""eh kata nya mau di tarik loh, eh gw dapet info ini bro...""
Tp dia ga pernah berenti.. Karena pernah menang gede.. Tp pernah loss gede juga.. So dia percaya.. Dia bakal win gede lg.. Walaupun dia tau cara nya salah hehe.. Termasuk nyangkut ENVY harga 2300 karena dia buy dgn modal katanya envy mau ke 5000 :grin:",9:54:09 PM,"Monday, March 22, 2021"
283,Jose,"siap Hu, semoga saya bisa lebih disiplin mencatat jurnal trading saya :pray::pray::pray:",9:51:36 PM,"Monday, March 22, 2021"
284,Aho Lie,Ia dulu tulis surat cinta waktu sma masih inget:grinning::grinning::grinning:,9:50:30 PM,"Monday, March 22, 2021"
285,Kaanzâœ“,"Iya mungkin karna sambil menulis kan otomatis otak kita lebih fresh untuk fokus pada apa yang kita tulis, jadi kesannya lebih mudah dipahami:+1::+1:",9:50:28 PM,"Monday, March 22, 2021"
286,Jose,"ini yg sudah menikmati hasilnya atau ga pernah tuh beli saham yg aneh2? :sob: saya kenal saham same, cent, dmmx, bbyb, dkft, psab dkk dari sini, mungkin main saya kurang jauh nih :joy:",9:50:03 PM,"Monday, March 22, 2021"
287,Rui,"Kembali k mindset sih Koh Billy, kalau handle trading ini seperti judi ya sudah, yuk dadah bye byeeee 
Lain hal kalau handle trading seperti handle bisnis sendiri dengan perencanaan ....

@rigeladityas saya setuju, edukasi masi sangat kurang dan sayangnya somehow dengan segala kemudahan yang ada sekarang (tinggal cari di google) malah jadi pada manja2 bukannya bersyukur ada google, ada grup trading bagus seperti TheTraders ini ... saya ga kebayang kalau belajar trading jaman dulu saat semua serba manual, harus baca buku2 tebal segala kudu cari sendiri kalau ikut seminar saham mahal dll

@Iyu_gogogo iya cuma SAME dan CENT aj, hahaha, mau belajar fokus, sudah pernah beberapa kali multi stock yang ada malah bubaaarrrrr",9:45:51 PM,"Monday, March 22, 2021"
288,Hendro Masori,:joy::joy::joy:,9:45:43 PM,"Monday, March 22, 2021"
289,DELETED,"Saya juga sering merah om,tapi kalo saham bluechip rugi rasanya mau CL,selalu cari posisi yang pas kalo mau AVG down",9:44:46 PM,"Monday, March 22, 2021"
290,Billy,Ya bagus anda lulus tahap 1 ujian.. Tp jgn seneng dlu tahap nya msih banyak.. Belajar jgn berhenti terutama belajar dari kesalahan.. Ga semua angkatan korona akan bertahan 3-5 thn kedepan.. Tp yg bertahan pasti org yg punya passion.. It's a fact,9:42:00 PM,"Monday, March 22, 2021"
291,Jose,ci rui masih pegang same & cent aja? smra td dikasi < 1000 lho,9:41:59 PM,"Monday, March 22, 2021"
292,rigeladitya,"Turut berduka. Jumlah investor ritel memang dua kali lipat semasa pandemi ini, tapi sayangnya peningkatan jumlah investor ritel itu tidak dibarengi dengan edukasi yang  mumpuni. Alangkah baiknya  berinvestasi dulu pada diri sendiri sebelum benar-benar berinvestasi saham.",9:41:47 PM,"Monday, March 22, 2021"
293,Henry Sitohu,"halo agan agan disini, biasa screening saham pakai apa ya?",9:40:30 PM,"Monday, March 22, 2021"
294,Billy,"Turut berduka dan prihatin... Tapi memang bagi angkatan corona yg menikmati Masa2 ""easy mode"" dan belum siap di hajar market seperti skrg pasti berat... Terlebih entah kapan arb 7% dihilangkan.. Disitu bursa sesungguhnya dimana dalam sehari anda bisa dikocok2 dari arb jadi ara.. Or sebaliknya dengan range -35 to +35",9:37:49 PM,"Monday, March 22, 2021"
295,White Heart123 A.K.A White Lion,"Ngeri :see_no_evil:, dr dulu orang bunuh diri krn saham terus masih ada, dulu saham Bumi juga makan korban sampai ada yg bunuh diri, sekarang ada lagi:see_no_evil:, klau gak kuat mental dan kuat iman mending jgn main/trading saham:see_no_evil:",9:32:38 PM,"Monday, March 22, 2021"
296,Johny,BFIN apakah bisa menjadi seperti ADMF? patut kita tunggu,9:23:54 PM,"Monday, March 22, 2021"
297,Hendro Masori,"Saya setuju. Kadang kesalahan kita menganggap pemilik perusahaan jadi traders seperti kita.

Coba liat BDMN. MUFG akuisisi di harga 9500 an. Kalau pake patokan ini, sekarang di 3000 an murah banget dong. Beli di bawah pemilik perusahaan lho. Kenapa gak berani?

Karena MUFG bukan traders kek kita. :grin::grin::grin:",9:19:33 PM,"Monday, March 22, 2021"
298,Rui,"Maaf ya kak, saya kurang setuju dengan pandangan anda dimana ini kesannya BEI dan emiten adalah 'musuh' ritel ... sudah jelas BEI menjelaskan untuk menghilangkan kode bandar itu karena sekarang ini banyak pola 'follower/herding' yang terjadi, dimana para ritel pemula pada ikutan bandar saja tanpa ada analisa jelas, dimana ujung2nya malah dimanfaatkan untuk 'menggoreng' saham. Broksum masi disediakan di periode penutupan buat analisa ko nantinya.

Emiten punya taktik juga bukan untuk 'menjatuhkan' ritel karena bagaimanapun juga mereka tetap butuh partisipasi ritel buat pergerakan harga dan likuiditas saham mereka sendiri ... trading saham itu bukan cuma sekedar 'ritel vs bandar' tapi ada banyak faktor bermain ... dengan oversimplifying how the trading works, cuma akan merugikan diri anda sendiri kedepannya 

Anda bilang Patrick Walujo akan menjual sahamnya krn sekarang harga sudah lebih tinggi dari harga dia beli di 168, jadi kita para ritel harus hati2 ... menurut saya ini anda menempatkan Patrick di posisi mindset ritel trader. Patrick Walujo itu sudah diakui sebagai investor pakar, tidaklah mungkin dia investasi di suatu saham perusahaan dan kemudian baru sebulan dan naik sedikit sudah dijual... dan kalaupun saham CENT turun juga belum tentu karena Patrick menjual miliknya, sekali lagi, ada banyak faktor yang mempengaruhi harga saham, oleh karena itu ritel yang cerdas adalah yang sudah siap dengan trading plan, tahu kapan masuk dan kapan keluar, bukannya sudah keluar lalu masuk lagi karena dengerin komen orang lain ğŸ™ƒ

Pardon my long rant ..... :pray:ğŸ½",9:13:12 PM,"Monday, March 22, 2021"
299,Nanda99,Bursa lebih kejam dr ibukota awkwkwk,9:13:04 PM,"Monday, March 22, 2021"
300,Avianto,"Rasanya pemilik gak akan jual lah.. krn mrk masuk CENT krn memang utk investasi jangka panjang. Gak akan cuma naik 100% trus jual sahamnya. Lagipulan gak gampang jual milyaran lembar. 

Mrk memang sdg menciptakan environment bisnis digital ini. Setelah ARTO, skrg CENT. Namun juga nantinya akan kerjasama dg BFIN juga..",8:48:29 PM,"Monday, March 22, 2021"
301,Jeffrey [ MANDIRI ] IS MY BEST FRIEND,SAHAM #UNIQ wkkwkw,8:36:12 PM,"Monday, March 22, 2021"
302,Bali.enakk,"Skrng jadi mumet investor
Naik kelas pak",8:29:19 PM,"Monday, March 22, 2021"
303,Al Blenk,"Bner.,q nyangkut bbkp anjimmğŸ¤£ğŸ¤£",8:28:44 PM,"Monday, March 22, 2021"
304,Bali.enakk,Bbkp investor,8:27:02 PM,"Monday, March 22, 2021"
305,Nikolaus Phangestu,Jgn tutup akun pak...tar cent RI R nya hangus gk d tebus:joy::joy::joy:,8:01:08 PM,"Monday, March 22, 2021"
306,Benhan,"Baguslah ada event begituan. Jadi bisa close the chapter and move on. Sekaligus pelajaran buat netizen untuk berpikir sebelum mengumpat. 
Entah kalau ada yg belajar atau tidak, setidaknya kita selalu diingatkan pepatah bijak ini:
â€œSemua yg dimulai dengan amarah, akan berakhir dengan rasa malu.â€
â€œWhatever is begun in anger ends in shame.â€ -Benjamin Franklin",7:42:27 PM,"Monday, March 22, 2021"
307,Al Blenk,"Krjan djp pling suka xlo da org dpt duit"" enk gtuğŸ¤£ğŸ¤£",7:41:15 PM,"Monday, March 22, 2021"
308,Arif Robani,"Indonesia keren emang, pembohong dan cheater dikasih duit",7:25:53 PM,"Monday, March 22, 2021"
309,Meneer Greg,Memang sudah di cek porto dan history transaksinya?,7:16:21 PM,"Monday, March 22, 2021"
310,hery,"buset, link ketiga dalam waktu berdekatan",7:12:10 PM,"Monday, March 22, 2021"
311,Rizal Akhmad,Akurasi Dadang cuma 27% ğŸ¤£ğŸ¤­ğŸ¤£ğŸ¤­,6:59:45 PM,"Monday, March 22, 2021"
312,Ronny,Lah aturan pemerintah pajak hadiah ditanggung pemenang kok :joy::joy:,6:56:59 PM,"Monday, March 22, 2021"
313,SAB,Deddy bilang kalau pajak tanggungan masing2 penerima uang hadiah.,6:55:50 PM,"Monday, March 22, 2021"
314,Ronny,Yg pasti dadang dapat 100 jt. Udah bersih ga dipotong pajak karena pajak ditanggung pemenang,6:53:41 PM,"Monday, March 22, 2021"
315,Kelon Mas,"positif thingking aja om mungkin tanpa rokok -30%, tanpa kopi -20%, tanpa duduk angkat kaki -10% :joy::runner::runner:",6:52:17 PM,"Monday, March 22, 2021"
316,Raymond,Kisah real nya itu ?,6:25:57 PM,"Monday, March 22, 2021"
317,Dion,"mngkn ada yg daftar pake ktp nya pak, jaman skrng hati2 kirim foto ktp, sim, dll",6:25:54 PM,"Monday, March 22, 2021"
318,Ronny,"Waktu install apps pinjol. Kita kasih permission utk buka semua data hp kita.
Jangankan contact, semua foto, message, location, microphone access. Semua kita kasih kok. 
Kalau ga begitu jaminannya, gimana ada yg mau kasi pinjem duit.",6:24:16 PM,"Monday, March 22, 2021"
319,Will,"Mirip temen saya, kena combo KAEF INAF IRRA BBKP ANTM",6:24:04 PM,"Monday, March 22, 2021"
320,Jutha Bram,"Dan terulang lg...
Tiap kali market crash pasti ada aja korban seperti ini...

Turut berduka cita:pray:",6:23:55 PM,"Monday, March 22, 2021"
321,Ronny,"Ngeri bgt. Main kaef inaf + kons ini. Trus mau balas dendam di bank2 kecil.
Puncaknya bunuh diri. Coba balas dendam di coal.",6:22:58 PM,"Monday, March 22, 2021"
322,DUTA BANGLADESH,"Gan, numpang tanya out of topic...dsni ada kah yg pernah mengalami teror dari pinjaman online? Ada keluarga yg kena teror dari pinjol padahal org tsb tidak pernah melakukan pinjaman sama sekali...tapi terus2an ditagih suruh bayar dan di ancam2",6:16:27 PM,"Monday, March 22, 2021"
323,Jimi Yang,"Mainnya ga serius, coba kalah wajib bayar 200jt. Ini kalah menang tetap dpt duit :joy: enak banget",5:25:26 PM,"Monday, March 22, 2021"
324,Suspend Buy,CSAP :sweat_smile:,4:59:26 PM,"Monday, March 22, 2021"
325,Benhan,"Sebelumnya Pak Dadang ditantang Percasi tanding dg Masternya, tapi ga mau karena ga jelas hadiah dan aturannya dll. DC ini market maker tau dia apa yg dimauin pasar dan bisa sulap â€œbarangâ€ biasa jadi bagus :smile::+1:",4:57:07 PM,"Monday, March 22, 2021"
326,AldoGenuin,Pak dadang ni pemain film ya,4:56:54 PM,"Monday, March 22, 2021"
327,Benhan,"Ini pelajaran buat kita semua. Ada peluang langsung sikat, jangan ragu. DC siap nombokin duit hadiah pakai kocek sendiri. Yang ragu2 akan jadi follower doank, yg duluan cuan juga pol2an",4:55:17 PM,"Monday, March 22, 2021"
328,Dimas Prakoso,Padahal dibalik 300jt kang dedy dapat MM an :joy:,4:54:11 PM,"Monday, March 22, 2021"
329,Hauw,Ga ngerti catur sama sekali tapi ada yg blg blunder dewa kipas game 1 parah banget,4:53:53 PM,"Monday, March 22, 2021"
330,Ronny,"Irene dapat hadiah setara emas sea games
Dadang 100jt setara perak seagames, kualifikasi padahal ga ada
Pemenang utama dedy. Endorse toped, blom viewer gede2an. Plg hebat dedy",4:53:11 PM,"Monday, March 22, 2021"
331,Benhan,Hadiahnya melebih uang tunai buat medali emas Sea Games,4:53:06 PM,"Monday, March 22, 2021"
332,Benhan,"Lumayan juga buat Irene, 200 juta termudah dalam hidupnya, sekalian bersihin tuduhan macam2",4:52:02 PM,"Monday, March 22, 2021"
333,Haikal,Haka JPFA,4:43:59 PM,"Monday, March 22, 2021"
334,Rizal Akhmad,Dewa kibul ğŸ¤­,4:41:47 PM,"Monday, March 22, 2021"
335,Bow,CPO :rocket:,4:41:00 PM,"Monday, March 22, 2021"
336,Yustinus broker asuransi mobil raw n1153 n1155,Dewa mau mabuk lagi??,4:40:08 PM,"Monday, March 22, 2021"
337,Jepri Ardiansyah,"Tembus R3 pak, menuju pola HTF",4:36:43 PM,"Monday, March 22, 2021"
338,Hendro Masori,Nyerah di langkah berapa,4:36:31 PM,"Monday, March 22, 2021"
339,Hendro Masori,Maksud saya langkah ke berapa mati nya,4:36:14 PM,"Monday, March 22, 2021"
340,Arif Robani,"Dewa blunder, akurasi di chess.com nggak terbukti",4:35:07 PM,"Monday, March 22, 2021"
341,Hendro Masori,Jadi berapa langkah ronde 1 2 dan 3?,4:32:23 PM,"Monday, March 22, 2021"
342,glenn .,Net 75 jt. Mayan bisa buat beli gorengan ğŸ¤£ğŸ¤£,4:30:09 PM,"Monday, March 22, 2021"
343,Paw Paw,mayan 100 juta buat nyerok,4:28:23 PM,"Monday, March 22, 2021"
344,Meneer Greg,"Beda level lah ya sama GM Irene...

R.I.P. Dewa Kipas",4:27:14 PM,"Monday, March 22, 2021"
345,glenn .,"100 jt, pajak hadiah 25%. Tetep mayan dah... ğŸ¤£ğŸ¤£",4:25:58 PM,"Monday, March 22, 2021"
346,Al Blenk,Buat HAKA KBAGğŸ¤£ğŸ¤£ğŸ¤£,4:24:21 PM,"Monday, March 22, 2021"
347,Rizal Akhmad,Kata dia mah bodo amat yang penting 100jt cuma duduk dan puraÂ² mikir aja :joy:,4:23:47 PM,"Monday, March 22, 2021"
348,Jepri Ardiansyah,Kabarnya hadiah 100 juta pak dadang besok akan dibelikan saham WIKA :joy::joy:,4:23:47 PM,"Monday, March 22, 2021"
349,Ronny,Habiss dah skrg bullyan berbalik :joy::joy:. Paling ga 100jt da ditangan,4:23:01 PM,"Monday, March 22, 2021"
350,apieth,Ank pak Dadang adl ank terbaik. Kasi bapake duit 100jt,4:21:33 PM,"Monday, March 22, 2021"
351,Arie,Jejak digitalnya ga akan pernah hilang pak hahaha,4:19:44 PM,"Monday, March 22, 2021"
352,Arie,Risk nya namanya dikenal buruk seindonesia pak :grimacing:,4:18:24 PM,"Monday, March 22, 2021"
353,Jafar Sim,"100 jta saya mau deh ikut tanding catur, nanti uangnya saya belikan SAME dan CENT masing masing 50 jta, tutup akun nya tahun depan baru liat lagi :smile:",4:16:01 PM,"Monday, March 22, 2021"
354,Al Blenk,Wkwkw walo muka bapaknya ditamparin se nusantarağŸ¤£ğŸ¤£ğŸ¤£,4:13:26 PM,"Monday, March 22, 2021"
355,Chezy,Lumayan dapet 100jt cuman nahan malu aja,4:12:41 PM,"Monday, March 22, 2021"
356,Yoga Dharmawan,"Spekulasi sih,bisa jadi anaknya yang make cheatnya. Lucu ini anaknya pas tawaran tanding dapet duit akun facebooknya langsung di aktifin lagi :sweat_smile:",4:11:35 PM,"Monday, March 22, 2021"
357,Henri88,"Pak Dadang delisting wkwkwk
kaga mau lanjuutt...",4:09:46 PM,"Monday, March 22, 2021"
358,GumBall,Ya mungkin bener cheat kalo sesuai omongan levi atau mungkin ada pihak yg mainin akun dewa kipas bukan the real pak dadang nya,4:09:22 PM,"Monday, March 22, 2021"
359,Yoga Dharmawan,"Semoga pak dadang ga dihujat netijen, anaknya sok iye sih ğŸ™ƒ",4:08:42 PM,"Monday, March 22, 2021"
360,Al Blenk,Pak dadang kek ritel farma dihajr bandar tanpa ampunğŸ¤£ğŸ¤£ğŸ¤£ğŸ¤£,4:08:41 PM,"Monday, March 22, 2021"
361,rigeladitya,Coba itu move nya pak Dadang akurasinya berapa coba..,4:08:28 PM,"Monday, March 22, 2021"
362,Rui,"Anak berpolah, Bapak kepradah",4:08:20 PM,"Monday, March 22, 2021"
363,Brian Andhika,ARB 3x mang dadang :sweat_smile::sweat_smile:,4:07:54 PM,"Monday, March 22, 2021"
364,Raf,"Klo pecatur yg lihat, pak dadang banyak bikin kesalahan sederhana",4:07:45 PM,"Monday, March 22, 2021"
365,Benhan,Pak Dadang nyerah dg 3-0. Cut loss dulu daripada lebih merah lagi,4:07:38 PM,"Monday, March 22, 2021"
366,Al Blenk,Dewa kipas CL babak 3ğŸ¤£ğŸ¤£ğŸ¤£,4:07:21 PM,"Monday, March 22, 2021"
367,rigeladitya,Ga seru yaaa pertandingannya.. dihabisin.,4:06:22 PM,"Monday, March 22, 2021"
368,Bagus Giant,"La yg ini berarti bisa masuk wl bu, yg belum jalan kecenf",3:54:29 PM,"Monday, March 22, 2021"
369,hery,keburu baca comment nya?? :scream:,3:54:13 PM,"Monday, March 22, 2021"
370,Odilia ì´ì •ì€,Ketinggalan doid ama indy cm pegang ptba sama adro,3:53:49 PM,"Monday, March 22, 2021"
371,Bagus Giant,Indy doid kenceng bu,3:52:22 PM,"Monday, March 22, 2021"
372,Hendika Amrinto Nainggolan,"Gapapa pak Dadang dapet duit juga kalah,cuman nanggung malu dikit",3:50:23 PM,"Monday, March 22, 2021"
373,Paw Paw,wadaw padadang kumaha iyeu,3:50:17 PM,"Monday, March 22, 2021"
374,Matt,"Harus nya GM irene mah kalah ya dengan akurasi segitu , level nya udah diatas nya GM dunia :joy::joy:",3:50:07 PM,"Monday, March 22, 2021"
375,Al Blenk,Pak dadang 2 babak libas:joy::joy:,3:49:56 PM,"Monday, March 22, 2021"
376,Benhan,Yg asik Sutanto Megaranto commentnya ya. Berkelas lah. Santuy,3:49:53 PM,"Monday, March 22, 2021"
377,"Jufriyanto SE, MM",Coal naik saham nya lelet haha .ritel pd nyangkut di Vaksin Nickel bank mini..entah nyangkut apa lg,3:49:41 PM,"Monday, March 22, 2021"
378,rigeladitya,betul pak.. yang sewot akun Dewa Kipas dibanned sama Chess.com kan anaknya dengan postingan profokatif di Facebook. Padahal pak Dadangnya ga masalah akunnya di banned.,3:48:30 PM,"Monday, March 22, 2021"
379,Bianco verde,Besok langsung HAKA WIIM :laughing::laughing:,3:48:12 PM,"Monday, March 22, 2021"
380,Raf,"Iya kemungkinan besar, klo pecatur melihat pak dadang ga bisa melihat ancaman2 simple",3:47:18 PM,"Monday, March 22, 2021"
381,Bagus Giant,Berarti kode saham rokok ya pak:blush:,3:47:14 PM,"Monday, March 22, 2021"
382,rigeladitya,"fix berati ya pertandingan lawan Gotham Chess pake engine.. Dewa Kipas vs Gotham Chess akurasi tinggi, lawan GM Irene blunder teros.",3:46:51 PM,"Monday, March 22, 2021"
383,Benhan,Kemungkinan ini anaknya yg messing dg akunnya. Pak Dadang lumayan sebenarnya untuk ukuran non pro,3:45:15 PM,"Monday, March 22, 2021"
384,apieth,WGM Irene > Dewa kipas > Gotham Chess,3:45:05 PM,"Monday, March 22, 2021"
385,Chezy,dewa kipas kw,3:44:12 PM,"Monday, March 22, 2021"
386,Benhan,Baguslah ini membuka mata netizen Indonesia juga,3:44:11 PM,"Monday, March 22, 2021"
387,angga Ra,$LSIP :+1::smiley:,3:37:04 PM,"Monday, March 22, 2021"
388,Susanto,Ajegile :rocket::+1:,3:36:34 PM,"Monday, March 22, 2021"
389,JSugiarto,Pak Dadang kalahpun dapat BBCA 30 lot euy :sunglasses:,3:28:14 PM,"Monday, March 22, 2021"
390,Bianco verde,"Main catur gaya tongkrongan biasa kopi + rokok ama main catur yg resmi bÃ©da pressure nya, it yg gk dipikirkan p. Dadang, makanya kaget pas match",3:27:14 PM,"Monday, March 22, 2021"
391,Andreas N,dewa kipas vs gm irene.. yg menang om deddy :joy::joy:,3:22:59 PM,"Monday, March 22, 2021"
392,mrs A,Blm... Bgt 987...dewa kipas kalah 1-0..drop 890 k viewernya,3:20:50 PM,"Monday, March 22, 2021"
393,Raf,Parah dewa kipas mainya,3:19:13 PM,"Monday, March 22, 2021"
