,judul,link,isi
0,ICDX & ICH menyelesaikan persyaratan sebagai penerima dan pendaftaran aset kripto,https://investasi.kontan.co.id/news/icdx-ich-menyelesaikan-persyaratan-sebagai-penerima-dan-pendaftaran-aset-kripto,"KONTAN.CO.ID - JAKARTA. Bursa ICDX dan Lembaga Kliring ICH telah menyelesaikan seluruh persyaratan yang harus dipenuhi ke Bappebti sebagai lembaga yang menerima pelaporan dan pendaftaran transaksi aset kripto di Indonesia.Hal ini sejalan dengan rencana strategis pemerintah terhadap pengembangan dan pengawasan perdagangan aset kripto di Indonesia. Melanjutkan hal tersebut, ICDX dan ICH melaksanakan diskusi dan sosialisasi dengan para pedagang aset kripto terdaftar di Indonesia untuk dapat menyamakan visi terkait pengembangan perdagangan aset kripto serta keamanan transaksi dan penyimpanan aset kripto.Perdagangan aset kripto Indonesia cukup besar dan berkembang signifikan dalam beberapa tahun terakhir. Salah satu hal yang menjadi perhatian adalah penjaminan transaksi aset kripto.Untuk keamanan data informasi, masing-masing pedagang aset kripto diwajibkan untuk melaporkan setiap transaksi yang terjadi kepada ICDX & ICH. Selain itu, lembaga kliring ICH akan mengawasi aset kepemilikan yang disimpan oleh pengelola tempat penyimpanan aset kripto serta perputaran dana nasabah yang tersimpan pada bank penyimpan dana aset kripto.Baca Juga: ICDX siapkan ekosistem terpadu untuk mitigasi risiko perdagangan emas digitalICDX dan ICH merencanakan mitigasi risiko terstruktur dengan mekanisme pelaporan transaksi real-time di bursa dengan beberapa lapisan verifikasi dan penjaminan transaksi dengan analisis yang komprehensif. Keterkaitan seluruh data yang ada dalam ekosistem informasi perdagangan aset kripto terpadu tersebut akan membuat perdagangan aset kripto lebih aman dan terlindungi.Pedagang aset kripto akan masuk ke dalam ekosistem mitigasi risiko yang komprehensif, sehingga perdagangan aset kripto akan terintegrasi secara real-time. “Dengan mekanisme mitigasi risiko yang sudah melalui proses riset komprehensif, dikombinasikan dengan global best practice, perdagangan aset kripto di Indonesia akan lebih aman dan terjamin untuk nasabah,” ujar Jericho Biere, Research & Development Manager ICDX dalam keterangan resmi, Rabu (3/3).Baca Juga: Transaksi masih minim, Bappebti bakal dorong transaksi multilateral di 2021Pedagang aset kripto yang menjadi garis depan pada perdagangan aset kripto Indonesia juga memiliki tantangan besar, terutama dari segi teknologi dan layanan atas keamanan dana dan aset kripto nasabah. Pesatnya perkembangan nilai transaksi aset kripto, serta besarnya potensi pemanfaatan aset kripto di masa depan, telah mendorong pelaku industri untuk bergerak cepat sesuai dengan fungsi operasionalnya masing-masing.“Bursa dan lembaga kliring akan menjadi entitas pendukung yang berperan sebagai perpanjangan tangan regulator untuk pengawasan transaksi dan katalisator industri  aset kripto, ICDX dan ICH siap menjalankan mekanisme ini awal bulan depan,” tambahnya.“Dengan kesiapan yang matang dari berbagai pihak yang terlibat dalam perdagangan aset kripto Indonesia ini, masa depan perdagangan aset kripto Indonesia akan lebih cerah dan bersaing di pasar global,” tutup Jericho.Baca Juga: Rumuskan uang digital, BI akan bikin Central Bank Digital Currency (CBDC)"
1,"Penjualan batubara Indo Tambangraya Megah (ITMG) capai 21,2 juta ton sepanjang 2020",https://investasi.kontan.co.id/news/penjualan-batubara-indo-tambangraya-megah-itmg-capai-212-juta-ton-sepanjang-2020,"KONTAN.CO.ID - JAKARTA. PT Indo Tambangraya Megah Tbk (ITMG) mencatatkan volume penjualan batubara sebesar 21,2 juta ton sepanjang 2020. Realisasi ini menurun 16,2% jika dibandingkan dengan tahun 2019 yang mencapai 25,3 juta ton.Dari total 21,2 juta ton batubara yang terjual, jumlah yang dijual ke China sebanyak 4,7 juta ton, Jepang sebanyak 4,5 juta ton, Indonesia sebanyak 3,5 juta ton, Filipina 2,0 juta ton, Thailand 1,3 juta ton, serta sisanya merupakan penjualan ke negara lain di Asia Timur dan Asia Tenggara.Dalam keterangan pers di laman resmi ITMG, Rabu (3/3), Presiden Direktur Indo Tambangraya Megah Mulianto mengatakan, harga jual rata-rata atau average selling price (ASP) tahun lalu sebesar US$ 53,5 per ton, menurun dari US$ 64,6 per ton pada tahun 2019.Pelemahan harga jual ini akhirnya menurunkan pendapatan bersih ITMG sebesar 30,9%, dari US$ 1,71 miliar menjadi US$ 1,18 miliar. Senada, margin laba kotor ITMG pada 2020 juga menurun menjadi 17% dari sebelumnya 19%.Baca Juga: Analis: Pembebasan pajak dividen bisa mencegah capital outflowLaba sebelum bunga dan pajak atau earnings before interest and taxes (EBIT) tercatat sebesar US$ 187 juta, turun 23% dari EBIT tahun sebelumnya yang mencapai US$ 242 juta. Alhasil, laba bersih konstituen Indeks Kompas100 ini menurun 70% menjadi US$ 38 juta dari sebelumnya mencapai USD 127 juta pada periode 2019.Sepanjang tahun 2020, ITMG mencatatkan volume produksi sebesar 18,4 juta ton dengan nisbah kupas yang lebih rendah dibandingkan tahun sebelumnya. Sebagai gambaran, volume produksi batubara ITMG tahun 2019 sebesar 23,4 juta ton.Untuk tahun ini, ITMG menargetkan memproduksi 17,7 juta ton-19,9 juta ton batubara. Sementara volume penjualan ditargetkan di rentang 20,7 juta ton-22,9 juta ton tahun ini. Dari target tersebut, ITMG telah mendapatkan 56% kontrak penjualan. Sebanyak 18% dari total target memiliki harga jual tetap sedangkan 34% mengacu pada indeks harga batubara.Baca Juga: Kinerja menurun tahun lalu, begini prospek Indo Tambangraya Megah (ITMG) tahun iniITMG membeberkan sejumlah strategi yang dipasang tahun ini dan tahun-tahun mendatang. Pertama, meningkatkan efisiensi dalam operasi penambangan, memaksimalkan cadangan batubara, dan meningkatkan variasi portofolio produk.Kedua, ITMG terus memaksimalkan pemanfaatan aset batubara dan infrastruktur tambang yang berdekatan. ITMG akan memperluas aktivitas perdagangan batubara ke pihak ketiga untuk menangkap peluang pasar dan meraih margin yang lebih besar.Ketiga, ITMG juga mempertimbangkan sumber energi terbarukan untuk menangkap peluang dalam tren pertumbuhan energi. Sedangkan untuk sisi hilir, ITMG  akan berpartisipasi dalam proyek gasifikasi batubara. “Kami bangga dengan apa yang telah kami lakukan di tahun 2020, dan akan terus kami tingkatkan serta kami perbaiki,” ujar Mulianto, Rabu (3/3).Baca Juga: Begini kata analis soal pendapatan dan laba bersih ITMG yang kompak turun"
2,"Investor asing banyak menjual saham-saham ini saat IHSG menguat di sesi I, Rabu (3/3)",https://investasi.kontan.co.id/news/investor-asing-banyak-menjual-saham-saham-ini-saat-ihsg-menguat-di-sesi-i-rabu-33,"KONTAN.CO.ID -  JAKARTA. Indeks Harga Saham Gabungan (IHSG) berada di zona hijau pada perdagangan siang ini. Mengutip RTI, Rabu (3/3), IHSG menguat 0,18% atau bertambah 11,43 poin ke level 6.370,63. Sepanjang perdagangan sesi I, IHSG bergerak volatil.Kenaikan IHSG hanya ditopang tiga dari 10 sektor. Sektor tersebut adalah aneka industri, keuangan dan konstruksi yang masing-masing menguat 1,33%, 0,88% dan 0,11%. Sementara sektor yang memperberat laju IHSG adalah industri dasar, perdagangan, dan consumer goods.Total volume perdagangan saham di Bursa Efek Indonesia (BEI) mencapai 13,13 miliar dengan nilai transaksi Rp 6,41 triliun. Sebanyak 199 saham menguat, 248 saham turun dan 183 saham nilainya tidak berubah.Investor asing membukukan  net buy sebesar Rp 104,25 miliar di seluruh pasar. Namun, asing juga memanfaatkan kenaikan IHSG dengan menjual sejumlah saham berikut.Baca Juga: IHSG menguat 0,18%, asing banyak memburu saham-saham ini di sesi I, Rabu (3/3)Asing paling banyak melepas saham PT Bank Negara Indonesia Tbk (BBNI) Rp 37,2 miliar. Saham BBNI pun merosot 2,03% ke RP 6.025 di sesi I. Volume perdagangan saham BBNI mencapai 13,8 juta dengan nilai transaksi Rp 84,3 miliar.Saham PT Gudang Garam Tbk (GGRM) juga kembali dijual asing sebesar Rp 13,4 miliar di sesi I. Saham GGRM juga turun 1,14% ke RP 36.950 per saham. Volume perdagangan saham GGRM mencapai 1,2 juta dengan nilai transaksi Rp 46,3 miliar.Investor asing juga melego saham PT Indofood CBP Sukses Makmur Tbk (ICBP) Rp 10,3 miliar. Namun saham ICBP menguat tipis 0,29% ke Rp 8.725 per saham di sesi I. Volume perdagangan saham ICBP mencapai 3,9 juta dengan nilai transaksi Rp 34,6 miliar.Baca Juga: IHSG Menguat Tipis di Akhir Sesi I, Asing Borong Saham BBCA dan TLKMBerikut 10 saham net sell terbesar asing pada sesi I Rabu:"
3,"IHSG menguat 0,18%, asing banyak memburu saham-saham ini di sesi I, Rabu (3/3)",https://investasi.kontan.co.id/news/ihsg-menguat-018-asing-banyak-memburu-saham-saham-ini-di-sesi-i-rabu-33,"KONTAN.CO.ID -  JAKARTA. Indeks Harga Saham Gabungan (IHSG) berada di zona hijau pada perdangan siang ini. Mengutip RTI, Rabu (3/3), IHSG menguat 0,18% atau bertambah 11,43 poin ke level 6.370,63. Sepanjang perdagangan sesi I, IHSG bergerak volatil.Kenaikan IHSG hanya ditopang tiga dari 10 sektor. Sektor tersebut adalah aneka industri, keuangan dan konstruksi yang masing-masing menguat 1,33%, 0,88% dan 0,11%. Sementara sektor yang memperberat laju IHSG adalah industri dasar, perdagangan, dan consumer goods.Total volume perdagangan saham di Bursa Efek Indonesia (BEI) mencapai 13,13 miliar dengan nilai transaksi Rp 6,41 triliun. Sebanyak 199 saham menguat, 248 saham turun dan 183 saham nilainya tidak berubah.Investor asing membukukan net buy sebesar Rp 104,25 miliar di seluruh pasar.Baca Juga: IHSG menguat 0,18% ke 6.370 di akhir sesi I Rabu (3/3), net buy asing Rp 103 miliarInvestor asing paling banyak mengoleksi saham PT Bank Central Asia Tbk (BBCA) sebesar Rp 47,6 miliar. Saham BBCA pun menguat tipis 0,43% ke Rp 35.225 per saham. Volume perdagangan saham BBCA mencapai 13,6 juta dengan nilai transaksi Rp 481,6 miliar.Asing juga memburu saham PT Telkom Indonesia Tbk (TLKM) Rp 40,2 miliar. Saham TLKM turun tipis 0,58% ke Rp 3.440 per saham. Volume perdagangan saham TLKM mencapai 41,8 juta dengan nilai transaksi Rp 144,4 miliar.Saham PT Bank Mandiri Tbk (BMRI) juga diburu asing sebesar Rp 22,6 miliar. Saham BMRI turun tipis 0,76% ke Rp 6.550 per saham. Total volume perdagangan saham BMRI mencapai 22,2 juta dengan nilai transaksi Rp 146,6 miliar.Baca Juga: IHSG diprediksi melanjutkan penguatan pada Rabu (3/3)Berikut 10 saham net buy terbesar asing pada sesi I Rabu:"
4,"IHSG menguat 0,18% ke 6.370 di akhir sesi I Rabu (3/3), net buy asing Rp 103 miliar",https://investasi.kontan.co.id/news/ihsg-menguat-018-ke-6370-di-akhir-sesi-i-rabu-33-net-buy-asing-rp-103-miliar,"KONTAN.CO.ID - JAKARTA. Indeks Harga Saham Gabungan (IHSG) menguat hingga akhir perdagangan sesi I siang ini. Rabu (3/3) pukul 11.30 WIB, IHSG naik 0,18% atau 11,43 poin ke 6.370,64 di Bursa Efek Indonesia (BEI).Dari 10 sektor, hanya tiga indeks sektoral yang menguat siang ini. Sektor aneka industri memimpin kenaikan sebesar 1,33%. Sektor keuangan menguat 0,88%. Sektor konstruksi dan properti menguat 0,11%.Sedangkan tujuh sektor berada di zona merah. Sektor industri dasar turun 0,62%. Sektor perdagangan dan jasa melemah 0,58%. Sektor barang konsumsi turun 0,54%. Sektor manufaktur tergerus 0,29%. Sektor perkebunan turun 0,23%. Sektor infrastruktur dan tambang turun masing-masing 0,13% dan 0,03%.Total volume transaksi bursa mencapai 13,14 miliar saham dengan nilai transaksi Rp 6,42 triliun. Sebanyak 248 saham turun harga. Hanya 199 saham yang menguat dan 183 saham flat.Baca Juga: Rupiah spot menguat tipis, kurs masih berada di atas Rp 14.300 per dolar ASTop gainers LQ45 hingga siang ini adalah:Top losers LQ45 terdiri dari:Baca Juga: Sempat naik, IHSG berbalik turun pada awal perdagangan Rabu (3/3)Investor asing mencatat net buy atawa beli bersih Rp 103,48 miliar di seluruh pasar. Saham-saham dengan pembelian bersih terbesar asing adalah PT Bank Central Asia Tbk (BBCA) Rp 47,6 miliar, PT Telkom Indonesia Tbk (TLKM) Rp 40,2 miliar, dan PT Bank Mandiri Tbk (BMRI) Rp 22,6 miliar.Saham-saham dengan penjualan bersih terbesar asing adalah PT Bank Negara Indonesia Tbk (BBNI) Rp 37,2 miliar, PT Gudang Garam Tbk (GGRM) Rp 13,4 miliar, dan PT Indofood CBP Sukses Makmur Tbk (ICBP) Rp 10,3 miliar.Baca Juga: IHSG diprediksi melanjutkan penguatan pada Rabu (3/3)"
5,"Rupiah spot menguat tipis, kurs masih berada di atas Rp 14.300 per dolar AS",https://investasi.kontan.co.id/news/rupiah-spot-menguat-tipis-kurs-masih-berada-di-atas-rp-14300-per-dolar-as,"KONTAN.CO.ID - JAKARTA. Nilai tukar rupiah menguat tipis meski masih berada di atas Rp 14.300 per dolar Amerika Serikat (AS). Rabu (3/3) pukul 10.45 WIB, kurs rupiah spot menguat 0,12% ke Rp 14.308 per dolar AS dari posisi penutupan perdagangan kemarin pada Rp 14.325 per dolar AS.Sedangkan kurs Jisdor hari ini berada di Rp 14.334 per dolar AS. Kurs rupiah Jisdor ini masih melemah 0,19% jika dibandingkan dengan posisi kemarin pada Rp 14.307 per dolar AS.Kemarin, pemerintah hanya menjual surat utang negara (SUN) sebesar Rp 13,6 triliun pada lelang SUN rutin. Ini adalah penyerapan lelang SUN terkecil sejak Maret 2020. Jika ditambahkan dengan seri surat perbendaharaan negara (SPN), total penjualan SUN pada lelang kemarin mencapai Rp 17 triliun, jauh di bawah target indikatif pemerintah sebesar Rp 30 triliun.Baca Juga: IHSG diprediksi melanjutkan penguatan pada Rabu (3/3)""Meski ada cukup penawaran, pemerintah kemungkinan melihat yield penawaran terlalu tinggi,"" kata Frances Cheung, rates strategist Overse-Chinese Banking Corp di Singapura kepada Bloomberg.Cheung menambahkan bahwa masih belum ada pembalikan sentimen bagi SUN. ""Pemerintah mungkin perlu menerima yield yang lebih tinggi atau memangkas rencana belanja,"" imbuh dia.Baca Juga: Harga emas Antam naik Rp 5.000 ke Rp 928.000 per gram pada Rabu (3/3)"
6,"Melaju kencang, dua saham ini disetop BEI",https://investasi.kontan.co.id/news/melaju-kencang-dua-saham-ini-disetop-bei,"KONTAN.CO.ID - JAKARTA. PT Bursa Efek Indonesia (BEI) menghentikan sementara (suspensi) perdagangan dua saham, PT Cipta Selera Murni Tbk (CSMI) dan  PT Bank Ganesha Tbk (BGTG). Suspensi dilakukan di pasar reguler dan pasar tunai mulai sesi I perdagangan hari ini, Rabu (3/3). Dalam pengumuman BEI Selasa (2/3), BEI mengungkapkan telah terjadi peningkatan harga kumulatif yang signifikan terhadap dua saham itu. Sehingga, BEI merasa perlu untuk melakukan penghentian sementara perdagangan. Melihat data RTI Business, pergerakan harga keduanya memang naik signifikan selama beberapa waktu terakhir. Hingga penutupan perdagangan Selasa (2/3), saham CSMI berada di Rp 1.730 per saham, menguat 28,63% dalam sepekan dan 57,27% selama sebulan terakhir. Sementara itu, saham BGTG bertengger di Rp 264 per saham. Harga tersebut telah menguat 103,08% selama sepekan dan 288,24% dalam sebulan terakhir.""Bursa mengimbau kepada pihak-pihak yang berkepentingan untuk selalu memperhatikan keterbukaan informasi yang disampaikan oleh perusahaan,"" ungkap Kepala Divisi Pengawasan Transaksi BEI Lidia M Panjaitan dan Kepala Divisi Pengaturan & Operasional Perdagangan BEI Irvan Susandy dalam pengumuman, Rabu (3/3). Baca Juga: Akan delisting sukarela, saham Multistrada Arah Sarana (MASA) disuspensiSekadar informasi, keduanya pernah kena suspensi sebelumnya. Perdagangan saham CSMI sempat dihentikan sementara pada 10 Februari 2021, kemudian dibuka kembali pada hari berikutnya 11 Februari 2021. Sementara itu, perdagangan saham BGTG sempat dihentikan sementara pada 26 Februari 2021. Adapun pada 2 Maret 2021 yang lalu suspensi BGTG baru saja dibuka. Adapun bursa pernah mengumumkan unsual market activity (UMA) untuk saham CSMI pada 28 Januari 2021. Begitu pula dengan BGTG, sahamnya beberapa kali diumumkan masuk UMA pada 26 April 2017, 12 Februari 2018, dan 25 Februari 2021. Baca Juga: BEI: 9 Emiten sedang dalam proses memenuhi aturan free float minimal 7,5%"
7,Selisih harga emas hari ini dengan harga buyback masih Rp 130.000 per gram! (3 Maret),https://investasi.kontan.co.id/news/selisih-harga-emas-hari-ini-dengan-harga-buyback-masih-rp-130000-per-gram-3-maret,"KONTAN.CO.ID - JAKARTA. Rabu (3/3) harga emas 24 jarat bersertifikat hari ini di Butik Emas, Logam Mulia, PT Aneka Tambang (Aantam) naik Rp 5.000 per gram, dari sebelumnya Rp 923.000 per gram menjadi Rp 928.000 per gram.Di lain sisi, harga buyback oleh Logam Mulia naik Rp 6.000 per gram, dari sebelumnya Rp 792.000 per gram menjadi Rp 798.000 per gram. Dengan demikian, selisih antara harga emas dan harga buyback hari ini adalah Rp 130.000 per gram.Selama ini Antam menetapkan dua macam harga emas batangan produksinya: harga emas dan harga beli kembali (buyback).Baca Juga: Harga emas hari ini di Pegadaian, Rabu 3 Maret 2021Sumber: Logam Mulia Harga emas yang tercantum di atas adalah harga yang berlaku ketika kita membeli emas dari gerai Logam Mulia. Adapun harga buyback adalah harga yang berlaku ketika kita menjual emas kepada gerai Logam Mulia.Siapa saja perlu mencermati dua macam harga emas tersebut kalau benar-benar serius hendak menjadi investor emas batangan. Tanpa memperhitungkan perbedaan dua harga tersebut, bisa-bisa seorang investor emas salah menghitung potensi untung dan rugi.Dengan selisih harga jual dan harga beli (spread) setebal itu, emas hanya cocok untuk investasi dalam jangka panjang. Secara jangka panjang kita berharap harga emas naik jauh lebih tinggi sehingga mampu menutup selisih harga jual dan harga buyback, sekaligus memberikan laba. "
8,Harga emas Antam naik Rp 5.000 ke Rp 928.000 per gram pada Rabu (3/3),https://investasi.kontan.co.id/news/harga-emas-antam-naik-rp-5000-ke-rp-928000-per-gram-pada-rabu-33,"KONTAN.CO.ID - JAKARTA. Harga emas batangan bersertifikat Antam keluaran Logam Mulia PT Aneka Tambang Tbk (ANTM) naik pada Rabu (3/3).Mengutip situs Logam Mulia, harga pecahan satu gram emas Antam berada di Rp 928.000. Harga emas Antam ini naik Rp 5.000 dari harga Selasa (2/3) yang berada di level Rp 923.000 per gram.Sementara harga buyback emas Antam berada di level Rp 798.000 per gram. Harga tersebut naik Rp 6.000 dibandingkan harga buyback pada Selasa (2/3) yang ada di Rp 792.000 per gram.Baca Juga: Harga emas turun tipis setelah rebound dari level terendah tujuh bulanBerikut harga emas batangan Antam dalam pecahan lainnya per Rabu (3/3) dan belum termasuk pajak:Keterangan:Logam Mulia Antam menjual emas dan perak batangan dalam beberapa ukuran berat (misalnya 1 gram, 2 gram, dan 500 gram). Biasanya harga per gram emas Antam akan berbeda tergantung berat batangnya. Perbedaan ini terjadi karena ada biaya tambahan untuk pencetakan, sehingga harga per gram emas Antam batang kecil lebih mahal dari batang yang lebih besar. Harga yang ada di sini adalah harga per gram emas batang 1 kilogram yang biasa dijadikan patokan pelaku bisnis emas. "
9,"Sempat naik, IHSG berbalik turun pada awal perdagangan Rabu (3/3)",https://investasi.kontan.co.id/news/sempat-naik-ihsg-berbali-turun-pada-awal-perdagangan-rabu-33,"KONTAN.CO.ID - JAKARTA. Indeks Harga Saham Gabungan (IHSG) menguat di awal perdagangan Rabu (3/3). Jika berlanjut, ini akan menjadi penguatan IHSG dalam tiga hari berturut-turut.Pada pagi ini pukul 9.10 WIB, IHSG naik tipis 0,08% ke 6.364. Tak bertahan lama, IHSG menyentuh zona merah pada pukul 9.15 WIB ke 6.357 setelah turun 0,02%.Hanya empat sektor yang menopang kenaikan IHSG pagi ini. Sektor keuangan menguat 0,50%. Sektor tambang naik 0,30%. Sektor konstruksi dan properti menguat 0,12%. Sektor perkebunan naik 0,11%.Sektor industri dasar tergerus 0,51%. Sektor manufaktur melemah 0,36%. Sektor barang konsumsi turun 0,32%. Sektor infrastruktur turun 0,24%. Sektor perdagangan dan jasa melemah 0,19%. Sedangkan sektor aneka industri turun tipis 0,02%.Baca Juga: IHSG diprediksi melanjutkan penguatan pada Rabu (3/3)Top gainers LQ45 pagi ini adalah:Top losers LQ45 terdiri dari:Investor asing mencatat net sell Rp 15 miliar di seluruh pasar. Saham-saham dengan penjualan bersih terbesar asing adalah PT Gudang Garam Tbk (GGRM) Rp 7,9 miliar, PT Astra International Tbk (ASII) Rp 5,1 miliar, dan PT Bank Negara Indonesia Tbk (BBNI) Rp 4,1 miliar.Saham-saham dengan net buy asing terbesar adalah PT Bank Central Asia Tbk (BBCA) Rp 5,1 miliar, PT Telkom Indonesia Tbk (TLKM) Rp 3,7 miliar, dan PT United Tractors Tbk (UNTR) Rp 3 miliar.Baca Juga: Naik dua hari perdagangan, IHSG diprediksi terkoreksi pada Rabu (3/3)"
10,IHSG diprediksi melanjutkan penguatan pada Rabu (3/3),https://investasi.kontan.co.id/news/ihsg-diprediksi-melanjutkan-penguatan-pada-rabu-33,"KONTAN.CO.ID -  JAKARTA. Indeks Harga Saham Gabungan (IHSG) ditutup di zona hijau pada perdagangan, Selasa (2/3). IHSG tercatat menguat 20,69 poin atau 0,33% ke level 6.359,21.Mengutip data dari BEI, penguatan paling signifikan dirasakan oleh sektor industri hingga 1,39%. Setelahnya disusul sektor konsumen non siklikal yang meningkat 1,37%.Analis Artha Sekuritas Indoensia Dennies Christoper Jordan mengamati, IHSG masih mampu menguat terbatas setelah menguat signifikan di hari sebelumnya. Terbatasnya pergerakan disebabkan minim sentimen dari dalam negeri.Untuk perdagangan Rabu (3/3), IHSG diprediksi melanjutkan penguatan dengan level support harga 6.329 hingga 6.299. Sementara level resistance di 6.388 hingga 6.417.""Secara teknikal indikator stochastic bergerak menyempit di area overbought mengindikasikan rentang penguatan mulai terbatas,"" ujarnya dalam riset yang diterima Kontan.co.id, Selasa (2/3). Dia menambahkan, pergerakan memang masih minim sentimen dari dalam negeri, akan tetapi masih ada optimisme penguatan bursa saham secara global.Baca Juga: Naik dua hari perdagangan, IHSG diprediksi terkoreksi pada Rabu (3/3)Sementara itu, CEO PT Indosurya Bersinar Sekuritas William Surya Wijaya mengamati, perkembangan pergerakan IHSG saat ini terlihat dalam rentang yang cukup terbatas. Selama IHSG tidak dapat dipertahankan di atas resistance level terdekat maka peluang konsolidasi masih terbuka lebar.""Fluktuasi nilai tukar rupiah serta harga komoditas juga akan turut mewarnai pergerakan IHSG hingga beberapa waktu mendatang,"" katanya dalam riet yang diterima Kontan.co.id, Selasa (2/3).William memperkirakan IHSG hari ini diprediksi akan berada di level 6.202 hingga 6.378. Beberapa saham yang menurutnya bisa dicermati seperti ICBP, SMGR, INDF, BMRI, ASII, SMRA, dan HMSP.Baca Juga: Delapan emiten akan rights issue, saham ini yang menarik dieksekusi menurut analis"
11,"Naik dua hari perdagangan, IHSG diprediksi terkoreksi pada Rabu (3/3)",https://investasi.kontan.co.id/news/naik-dua-hari-perdagangan-ihsg-diprediksi-terkoreksi-pada-rabu-33,"KONTAN.CO.ID - JAKARTA. Indeks Harga Saham Gabungan (IHSG) bergerak positif 1,55% dan 0,33% ke level 6.359,21 dalam dua hari perdagangan terakhir. Akan tetapi, analis memprediksi, IHSG akan menurun pada perdagangan hari ini, Rabu (3/3).Analis Phintraco Sekuritas Valdy Kurniawan memperkirakan, IHSG akan kembali fluktuatif dalam rentang support-resistance 6.200-6.380 dengan kecenderungan koreksi. ""Pasalnya, penguatan pada Selasa (2/3) tidak didukung kenaikan volume transaksi dan terbentuk pola evening star pada area resistance 6.350-6.380,"" kata Valdy dalam riset, Selasa (2/3).Dari data ekonomi, pelaku pasar akan mencermati indeks non-manufaktur bulan Februari 2021 dari Jepang, China, Jerman, Euro Area, Inggris, dan Amerika Serikat yang dijadwalkan rilis pada Rabu (3/3). Sementara dari dalam negeri, sebanyak 10 juta dosis bahan baku vaksin Covid-19 dari Sinovac Biotech Ltd yang baru datang kemarin dapat menjadi sentimen yang memengaruhi pergerakan IHSG.Baca Juga: Bursa Asia mixed, investor mewaspadai aksi jualBernada serupa, Analis Reliance Sekuritas Lanjar Nafi memprediksi, IHSG berpotensi tertekan pada perdagangan Rabu (3/3) dengan support di level 6.296 dan resistance di 6.391. ""Saham-saham yang masih dapat dicermati secara teknikal diantaranya adalah ACES, HOKI, ERAA, INKP, JSMR, dan TPIA,"" ucap Lanjar.Sementara itu, Valdy menilai, pelaku pasar dapat mencermati peluang berlanjutnya rebound teknikal pada saham-saham yang berkaitan dengan konsumsi, seperti ICBP, INDF, UNVR, HMSP, dan GGRM. Hal ini terkait dengan rencana pemerintah Indonesia untuk memberikan insentif ke sektor perhotelan, kafe, dan restoran.Selain itu, investor juga masih dapat mencermati saham-saham bank setelah konsolidasi wajar pada perdagangan Selasa (2/3). Tiga di antaranya adalah BBRI, BBCA, dan BMRI.Baca Juga: Wall Street tertekan penurunan saham Apple dan Tesla"
12,"Bursa Asia mixed, investor mewaspadai aksi jual",https://investasi.kontan.co.id/news/bursa-asia-mixed-investor-mewaspadai-aksi-jual,"KONTAN.CO.ID - JAKARTA. Bursa Asia bergerak bervariasi pada awal perdagangan hari ini. Rabu (3/3) pukul 8.30 WIB, indeks Nikkei 225 turun 0,02% ke 29.403. Indeks Kospi turun 0,41% ke 3.029. Hang Seng justru menguat 0,53% ke 29.249. Sedangkan Taiex menguat 0,19% ke 15.976. Straits Times naik 0,43% ke 2.986.Pasar saham berfokus pada optimisme bahwa stimulus AS yang lebih dekat akan mendorong pemulihan ekonomi global. Pelemahan Wall Street yang terjadi pada Selasa (2/3) tidak banyak berpengaruh ke bursa Asia.Sementara salah satu sentimen negatif bursa Jepang adalah penurunan PMI sektor jasa ke-13 bulan berturut-turut hingga Februari. Aktivitas bisnis tertekan upaya pembatasan pandemi corona. Kontraksi menghantam sektor jasa di tengah kondisi darurat di Tokyo dan tiga prefektur sekitarnya.""Meski pasar telah stabil kondisi tetap lemah karena investor terus mengkhawatirkan aksi jual lebih lanjut di pasar obligasi,"" kata analis di TD Securities dalam sebuah catatan yang dikutip Reuters.Baca Juga: Harga minyak turun lagi, total penurunan 6,5% dalam empat hariIndeks dolar yang mencerminkan nilai tukar dolar Amerika terhadap mata uang utama dunia kemarin turun 0,28%. Pelemahan dolar menjadi penopang harga emas pada perdagangan kemarin, meski pagi ini harga melemah lagi.Pasar saham AS bergolak minggu lalu ketika imbal hasil patokan melonjak ke level tertinggi satu tahun di tengah taruhan investor bahwa rebound ekonomi AS yang kuat di tengah kondisi moneter yang sangat longgar dapat memicu inflasi.Baca Juga: Harga emas turun tipis setelah rebound dari level terendah tujuh bulanPejabat Federal Reserve AS telah mengatakan bahwa kekhawatiran inflasi ini terlalu dini. The Fed memperingatkan bahwa kenaikan imbal hasil dapat memperketat kondisi keuangan dan menghambat pemulihan ekonomi.Harga minyak melemah lagi untuk hari keempat pada Rabu ini di tengah ekspektasi bahwa produsen OPEC+ akan mengurangi pembatasan pasokan pada pertemuan mereka akhir pekan ini.Baca Juga: Wall Street tertekan penurunan saham Apple dan Tesla"
13,"Harga minyak turun lagi, total penurunan 6,5% dalam empat hari",https://investasi.kontan.co.id/news/harga-minyak-turun-lagi-total-penurunan-65-dalam-empat-hari,"KONTAN.CO.ID - JAKARTA. Harga minyak melanjutkan penurunan di hari keempat berturut-turut hingga tengah pekan ini. Rabu (3/3) pukul 8.00 WIB, harga minyak west texas intermediate (WTI) kontrak pengiriman April 2021 di New York Mercantile Exchange berada di US$ 59,39 per barel.Harga minyak ini melemah 0,60% jika dibandingkan dengan harga penutupan perdagangan kemarin pada US$ 59,75 per barel. Dalam empat hari perdagangan, harga minyak mengakumulasi penurunan 6,52% dari level tertinggi sejak Mei 2019 yang tercapai 25 Februari lalu.Harga minyak turun mencapai level terendah dalam dua minggu di tengah ekspektasi produsen OPEC+ akan melonggarkan pembatasan pasokan pada pertemuan mereka akhir pekan ini karena ekonomi mulai pulih dari krisis virus corona. Sekretaris Jenderal OPEC Mohammad Barkindo mengatakan, prospek permintaan minyak terlihat lebih positif, terutama di Asia.Kemarin, harga minyak Brent berjangka turun 1,6% menjadi US$ 62,70 per barel, terendah sejak 12 Februari. Harga minyak acuan global ini turun sekitar 7% dari level tertinggi 13 bulan yang dicapai minggu lalu.Baca Juga: Harga emas turun tipis setelah rebound dari level terendah tujuh bulanHarga minyak memperpanjang penurunan setelah data dari kelompok industri American Petroleum Institute menunjukkan peningkatan besar dalam stok minyak mentah pekan lalu. Tetapi penurunan persediaan produk minyak olahan yang jauh lebih besar dari perkiraan menahan penurunan lebih lanjut.Reli minyak telah memudar di tengah ekspektasi OPEC+ akan memproduksi lebih banyak minyak mulai April. OPEC+ diperkirakan akan mengurangi pemangkasan produksi tahun lalu.""Pasar minyak akhirnya mencapai tahap yang mengisyaratkan pemulihan, karena ini adalah pertama kalinya dalam setahun di mana setiap orang mengharapkan OPEC+ untuk membawa lebih banyak output kembali ke mode produksi,"" kata Bjornar Tonhaugen, kepala pasar minyak di Rystad Energy kepada Reuters.Baca Juga: Wall Street tertekan penurunan saham Apple dan TeslaOPEC+, yang bertemu pada hari Kamis, diprediksikan membahas memungkinkan penambahan produksi sebanyak 1,5 juta barel per hari kembali ke pasar.Perusahaan Minyak Nasional Abu Dhabi (ADNOC) mengatakan kepada pembeli minyak Asia bahwa mereka berencana untuk meningkatkan alokasi minyak mentah pada bulan April.Produksi minyak OPEC turun pada Februari karena pemangkasan sukarela oleh Arab Saudi menambah pengurangan dalam pakta OPEC+ sebelumnya. Anggota OPEC+, Rusia, gagal meningkatkan produksi minyak pada Februari meski diberikan izin oleh kelompok tersebut. Sumber industri mengatakan cuaca musim dingin yang keras menghambat rencana tersebut.Baca Juga: Rupiah diproyeksikan lanjut melemah hari ini Rabu (3/3), simak sentimen pemicunya"
14,"Delapan emiten akan rights issue, saham ini yang menarik dieksekusi menurut analis",https://investasi.kontan.co.id/news/delapan-emiten-akan-rights-issue-saham-ini-yang-menarik-dieksekusi-menurut-analis,"KONTAN.CO.ID - JAKARTA. Emiten berbondong-bondong mencari pendanaan melalui pasar modal yaitu dengan rights issue maupun private placement. Dalam waktu dekat, Kontan.co.id mencatat ada dua emiten yang mendekati tanggal cum rights yaitu PT Bank Jago Tbk (ARTO) pada 4 Maret 2021. Bank swasta ini melaksanakan rights issue dengan harga Rp 2.350. Kemudian PT Energi Mega Persada Tbk (ENRG) yang akan memasuki cum date pada 19 Maret 2021 dengan harga pelaksanaan Rp 126. Selain keduanya, masih ada lima emiten lagi yang akan melaksanakan rights issue dan saat ini sedang dalam proses permohonan persetujuan kepada para pemegang saham. Emiten tersebut antara lain  PT Asuransi Jasa Tania Tbk (AJST) pada akhir Februari 2021 dan PT Smartfren Telecom Tbk (FREN) pada Selasa (2/3). Kemudian Rapat Umum Pemegang Saham Luar Biasa (RUPSLB) untuk persetujuan rights issue PT Centratama  Telekomunikasi Indonesia Tbk (CENT) pada 15 Maret 2021, PT Yelooo Integra Datanet Tbk (YELO) diselenggarakan pada 30 Maret 2021, dan PT Summarecon Agung Tbk (SMRA) diselenggarakan pada 1 April 2021. Baca Juga: IHSG Melanjutkan Penguatan di 6.359,21, Saham SMGR Melejit 9,60%Analis CSA Research Institute Reza Priyambada menjelaskan secara umum, terlepas dari harga pelaksanaan maupun tujuan penggunaan dana, menarik dieksekusi lantaran harga saham emiten terkait akan mengalami penurunan sebelum pelaksanaan rights issue. Namun, perlu pertimbangan lebih dalam lagi seperti prospek ke depan, potensi kenaikan harga serta tujuan penggunaan dana. Rights issue yang menarik dieksekusi adalah yang penggunaan dananya untuk ekspansi atau akuisisi yang memberikan nilai tambah bagi emiten yang mencari pendanaan melalui rights issue. ""Kalau ARTO yang akan diambil oleh GIC Private Limited milik pemerintah Singapura ini harus dilihat lagi tujuannya apakah untuk diversifikasi atau ada transfer knowledge maupun teknologi. Akan menarik apabila ada nilai tambah bagi ARTO yang berencana menjadi bank digital,"" jelas Reza kepada Kontan.co.id, Selasa (2/3). Dari sejumlah emiten yang akan melakukan rights issue, Reza melihat yang paling menarik untuk dieksekusi adalah FREN, SMRA dan ENRG. 
Alasannya, saham SMRA telah memiliki catatan likuiditas yang cukup panjang untuk bisa diamati pola pergerakan harganya didukung dengan gelontoran insentif di sektor properti salah satunya PPN 0% untuk rumah siap huni di bawah Rp 2 miliar. Kemudian ENRG yang penggunaan dananya akan digunakan untuk mengakuisisi Energi Mega Pratama Inc pengelola Blok Kangean dari jumlah kepemilikan 50% menjadi 75%. ""Kemudian harga saham ENRG saat ini masih di kisaran Rp 117, sedangkan pelaksanaan rights issue Rp 126. Harga rights issue yang tinggi itu diharapkan ada hal premium yang mereka tawarkan,"" jelas dia. Sedangkan FREN memang secara kinerja per September 2020 masih mengalami kerugian, tetapi diharapkan dengan rights issue ini menjadi sentimen positif sehingga beban utang bisa ditekan dan menekan kerugian. Dari ketiga saham tersebut, hanya saham SMRA yang memiliki valuasi kurang baik karena mengalami kerugian di kuartal III-2020. Di mana price earning ratio (PER) SMRA berdasarkan data RTI tercatat negatif 803,62 kali. Sedangkan PER ENRG dinilai undervalue di angka 1,5 kali. Valuasi ENRG dinilai belum sejalan dengan kinerja positif per September 2020. Baca Juga: SMRA Gelar Rights Issue Untuk Bayar Utang, Dampaknya Positif Bagi Kondisi KeuanganSementara FREN dinilai memiliki harga wajar Rp 95 per saham, sedangkan pada penutupan perdagangan Selasa (2/3) harga saham FREN di level Rp 81. 
Lebih lanjut, persaingam bisnis FREN dinilai cukup ketat. Emiten telekomunikasi swasta ini juga dinilai perlu meningkatkan kualitas layanan data untuk bisa mengejar persaingan. Adapun, Reza menetapkan target harga saham SMRA di level Rp 1.200 sedangkan ENRG di level Rp 145. Pada penutupan perdagangan hari ini saham SMRA berada di level Rp 910. Sekadar inforamsi, terdapat beberapa saham yang tengah mencari pendanaan lewat private placement antara lain PT XL Axiata Tbk (EXCL) sebanyak 265 juta lembar, PT Mitra Komunikasi Nusantara Tbk (MKNT) sebanyak 500 juta saham dengan harga pelaksanaan Rp 50, dan PT Merdeka Copper Gold Tbk (MDKA) sebanyak 1 miliar saham yang akan diterbitkan pada 4 Maret 2021.  "
15,"Insentif PPN bakal kerek kinerja PP Properti (PPRO), ini alasannya",https://investasi.kontan.co.id/news/insentif-ppn-bakal-kerek-kinerja-pp-properti-ppro-ini-alasannya,"KONTAN.CO.ID -  JAKARTA. PT PP Properti Tbk (PPRO) optimistis insentif Pajak Pertambahan Nilai (PPN) yang ditanggung pemerintah dapat menyokong kinerja perusahaan di tahun ini. Apalagi, PPRO diketahui memiliki sejumlah apartemen siap huni (ready stock) di beberapa kota.Direktur Utama PPRO Sinur Linda Gustina mengatakan, insentif PPN yang berlaku mulai awal bulan ini menjadi pemacu tambahan pertumbuhan sektor properti, setelah sebelumnya pemerintah memberikan insentif berupa Loan to Value (LTV) 100%. ""Menurut kami, tambahan insentif PPN cukup membantu untuk mendorong pertumbuhan di sektor properti dan hal ini merupakan katalis positif baik bagi anggota indeks Kompas100 ini, maupun bagi calon konsumen,"" tutur Sinur saat dihubungi Kontan.co.id, Selasa (2/3).Pada saat ini produk Residential PPRO berada di segmen market middle dengan rentang harga antara Rp 500 juta sampai dengan Rp 1,5 miliar. Sebagian besar merupakan unit ready stock siap huni sebagaimana dipersyaratkan di dalam PMK 21/2021, sehingga calon konsumen bisa mendapatkan insentif PPN sebesar 100%.PPRO memiliki unit apartemen ready stock yang tersebar di kota-kota besar seperti Bogor, Jakarta, Bekasi, Bandung, Semarang, Surabaya dan Malang. Selain itu, ada pembangunan rumah tapak yang baru PPRO luncurkan pada bulan Februari 2021 dan sedang proses marketing.""Selanjutnya akan kami bangun di tahun ini juga yang berlokasi di Bandung, Depok dan Semarang,"" ungkap Sinur.Baca Juga: Sektor properti dapat insentif, PP Properti (PPRO) luncurkan produk rumah tapakInsentif PPN yang  berlaku mulai  Maret hingga Agustus 2021 ini dinilai dapat membantu mendorong pencapaian target penjualan PPRO di tahun ini. Menurut Sinur, daya beli masyarakat ekonomi kelas menengah untuk kembali melakukan spending pada sektor properti akan terbantu dengan adanya insentif PPN ini. Sinur bilang, strategi marketing PPRO bisa beradaptasi di tengah kondisi PPKM Mikro saat ini. Strategi yang dilakukan diantaranya dengan melakukan digital marketing, thematic promotion, virtual event, subsidi bunga KPA, dan kerjasama dengan Perbankan untuk memberikan kemudahan bagi calon konsumen.Adapun, insentif PPN untuk rumah tapak dan rumah susun diberikan pemerintah untuk  harga maksimal Rp 5 miliar. Insentif itu berlaku enam bulan, mulai dari 1 Maret hingga 31 Agustus 2021.Syarat insentif tersebut harus merupakan rumah baru yang diserahkan dalam kondisi siap huni pada periode pemberian insentif. Maksimal insentif ini berlaku untuk 1 unit rumah tapak atau rumah susun bagi satu orang, dan tidak boleh dijual kembali dalam jangka waktu 1 tahun. 100% PPN akan ditanggung pemerintah untuk rumah dengan harga jual paling tinggi Rp 2 miliar. Sedangkan untuk rumah dengan harga lebih dari Rp 2 miliar sampai dengan Rp 5 miliar, pemerintah akan menanggung 50% PPN.  "
16,"Jelang pembukaan bursa, ini rekomendasi saham pilihan Pilarmas & Binaartha Rabu (3/3)",https://investasi.kontan.co.id/news/jelang-pembukaan-bursa-ini-rekomendasi-saham-pilihan-pilarmas-binaartha-rabu-33,"KONTAN.CO.ID - Jakarta. Analis Pilarmas Investindo dan Binaartha Sekuritas memberikan rekomendasi sejumlah saham pilihan untuk perdagangan hari ini, Rabu 3 Maret 2021. Sebelum, Bursa Efek Indonesia memulai perdagangan hari ini, cermati dulu rekomendasi saham pilihan dari para analis tersebut. Indeks Harga Saham Gabungan (IHSG) ditutup menguat 0,33% di level 6.359,20 pada perdagangan Selasa (2/3). Sebanyak 225 saham menguat, 253 saham melemah, dan 162 saham stagnan. Pada perdagangan kemarin, investor asing membukukan pembelian bersih (net buy) Rp 27,65 miliar di seluruh pasar.Analis Pilarmas Investindo, Okie Setya Ardiasmata menjelaskan penguatan tersebut didorong dari penurunan imbal hasil obligasi pemerintah Amerika yang meredam kekhawatiran pelaku pasar saat ini. Dengan begitu, memberikan dampak positif pada perdagangan pasar saham global.Namun, ia menyebutkan depresiasi rupiah yang diikuti dengan outflow dari pasar obligasi memberikan tekanan pada laju pergerakan IHSG.Baca Juga: IHSG menguat 0,33% ke 6.359 pada perdagangan Selasa (2/3), asing borong saham bankOleh sebab itu, Pilarmas Investindo prediksi IHSG hari ini akan melemah terbatas. Perlambatan tersebut seiringan dengan pergerakan pasar saham global yang dinilai masih dapat tertekan dalam jangka waktu pendek.""Selain itu, rilis data dari dalam negeri seperti pertumbuhan kredit, inflasi dan manufaktur yang mengindikasikan adanya perlambatan ikut memberikan tekanan pada pergerakan IHSG yang diproyeksikan dapat terbatas,"" ujarnya kepada kontan.co.id, Selasa (2/3)."
17,"Anggarkan Rp 550 miliar, ini alokasi penggunaan belanja modal Sawit Sumbermas (SSMS)",https://investasi.kontan.co.id/news/anggarkan-rp-550-miliar-ini-alokasi-penggunaan-belanja-modal-sawit-sumbermas-ssms,"KONTAN.CO.ID -  JAKARTA. PT Sawit Sumbermas Sarana Tbk (SSMS) telah menyiapkan anggaran belanja modal alias capital expenditure (capex) sebesar Rp 550 miliar untuk tahun 2021. Di mana, mayoritas capex tersebut akan digunakan perusahaan untuk kebutuhan non-planting. CFO SSMS Hartono Jap menjelaskan, untuk kebutuhan non-planting, perusahaan akan alokasi belanja modal sebesar Rp 520 miliar. Dan sisanya baru akan digunakan untuk planting. ""Non-planting seperti pengembangan dan perawatan infrastruktur penunjang operasional kami, seperti perawatan mesin mekanisasi, pabrik, pembangunan jalan (kebun atau daerah sekitar Perseroan) perawatan perkebunan dan pemupukan kelapa sawit,"" kata dia kepada Kontan.co.id, Selasa (2/3). Baca Juga: Sawit Sumbermas Sarana (SSMS) Berharap Pasar China dan IndiaHartono menambahkan, faktor non-planting merupakan sarana penunjang untuk meningkatkan efektivitas operasional, menjaga hasil buah yang baik sehingga menghasilkan harga yang premium.Sejauh ini, SSMS belum ada rencana dalam penambahan mesin maupun PKS untuk meningkatkan kapasitas pabrik. Hartono bilang, pabrik SSMS yang terakhir baru komisioning akhir tahun 2019.  "
18,"BEI suspensi saham Bank Ganesha (BGTG), Rabu (3/3)",https://investasi.kontan.co.id/news/bei-suspensi-saham-bank-ganesha-bgtg-rabu-33,"KONTAN.CO.ID - JAKARTA. Saham PT Bank Ganesha Tbk (BGTG) tak diperdagangkan pada Rabu ini (3/3). Bursa Efek Indonesia (BEI) menghentikan sementara (suspensi) perdagangan saham BGTG pada perdagangan Rabu (3/3).BEI dalam pengumumannya, Selasa (2/3), menyebutkan, suspensi saham BGTG dilakukan sehubungan dengan peningkatan harga kumulatif yang signifikan pada saham BGTG.Penghentian sementara perdagangan saham BGTG tersebut dilakukan di pasar reguler dan pasar tunai mulai sesi I, Rabu (3/3), sampai pengumuman bursa lebih lanjut.Baca Juga: BEI: 9 Emiten sedang dalam proses memenuhi aturan free float minimal 7,5%BEI mengimbau para pihak yang berkepentingan untuk memperhatikan keterbukaan informasi yang disampaikan BGTG.Selasa (2/3), harga saham BGTG melejit 34,01% ke level Rp 264 per saham.Dalam sepekan harga saham BGTG melambung 103,08%. Sementara selama sebulan, harga saham BGTG meroket 288,4%.  "
19,Ini alasan Pyridam Farma (PYFA) optimistis pendapatan naik 50% di tahun 2021,https://investasi.kontan.co.id/news/ini-alasan-pyridam-farma-pyfa-optimistis-pendapatan-naik-50-di-tahun-2021,"KONTAN.CO.ID -  JAKARTA. PT Pyridam Farma Tbk (PYFA) optimistis menghadapi tahun ini. Buktinya emiten farmasi, alat kesehatan dan produk kecantikan tersebut mengincar pertumbuhan double digit untuk kinerja top line pada 2021. “Target peningkatan top line perusahaan akan ditargetkan lebih dari 50% dibanding tahun sebelumnya,” kata Corporate Communication Manager PYFA Kezia Mareshah kepada Kontan.co.id, Selasa (2/3).Bukan tanpa alasan PYFA mengejar target pertumbuhan double digit. Kezia bilang, industri farmasi dan alat kesehatan masih akan berkembang pesat pada tahun ini, sebab masyarakat Indonesia kian harinya semakin sadar untuk menjaga kesehatan dan memperkuat imun tubuh. Salah satu produk farmasi yang kebutuhannya dirasa masih tinggi pada produk farmasi di antaranya seperti multivitamin dan suplemen. Catatan saja, saat ini PYFA telah memiliki produk-produk vitamin dan suplemen seperti  Zeviton, Damuvit, Imudator, Caltrax serta Vinerton. Pada paruh pertama tahun lalu, produk-produk ini sempat menjadi motor pertumbuhan laba perusahaan.Sementara itu, permintaan yang tinggi pada kategori produk kesehatan dijumpai pada alat-alat kesehatan seperti alat tes PCR dan swab test serta berbagai alat kesehatan lainnya yang berkaitan dengan proteksi diri terhadap risiko penularan Covid-19.Permintaan pada produk kecantikan sama belaka. Kezia berujar, permintaan produk kecantikan saat ini masih tinggi seiring kesadaran masyarakat yang bertambah untuk merawat diri dengan produk kecantikan kulit. Dugaan Kezia, hal ini didorong oleh banyaknya ajakan para tokoh masyarakat seperti influencer dari kalangan selebgram dan artis yang untuk mencintai dan merawat diri sendiri.Meski begitu, peluang-peluang di atas bukannya tanpa tantangan. Menurut Kezia, industri farmasi saat ini tengah dihadapkan pada tantangan untuk beradaptasi dengan perkembangan tren digital. “Terlebih lagi adanya pembatasan kunjungan pasien untuk bertemu dengan dokter, sekarang semua mau tak mau dilakukan secara online,” tambah Kezia.Melihat kondisi yang ada, PYFA berstrategi untuk terus meningkatkan brand awareness Perseroan di kalangan masyarakat baik secara digital maupun non-digital, serta memperluas area distribusi produk baik secara online maupun offline. Perluasan distribusi secara online dilakukan melalui official store Pyfahealth.com serta bekerja sama dengan partner-partner dalam marketplace. Baca Juga: Terbitkan obligasi Rp 300 miliar, ini rencana bisnis Pyridam Farma (PYFA) tahun iniDi saat yang sama, PYFA juga berencana memperluas area penjualan secara offline baik di nasional maupun regional sembari tetap mengikuti perkembangan beberapa produk yang berkaitan dengan Covid-19.  Untuk mendukung tujuan tersebut, PYFA juga membuka opsi untuk melakukan investasi atau akuisisi perusahaan sejenis lainnya. Sasarannya antara lain perusahaan farma yang bergerak dalam consumer health, baik skala nasional maupun regional.Kezia belum mengungkap dana yang disiapkan untuk menunjang rencana ekspansi tersebut, Yang terang, Kezia menyebut bahwa dana ekspansi akan bersumber dari obligasi dan fasilitas perbankan yang dimiliki perusahaa saat ini.Catatan saja, berdasarkan pengumuman yang dimuat pada laman keterbukaan informasi Bursa Efek Indonesia (BEI) 14 Januari 2021 lalu, BEI telah menyetujui pencatatan Obligasi Pyridam Farma I Tahun 2020 pada tanggal 15 Januari 2021 di Bursa. Total emisi obligasi tersebut mencapai Rp 300 miliar dengan tingkat bunga tetap 11,25% per tahun. Diterbitkan pada 14 Januari 2021, Obligasi Pyridam Farma I Tahun 2020 akan memiliki jangka waktu 5 tahun dan akan jatuh tempo pada 14 Januari 2026 mendatang. Pembayaran bunga dari obligasi tersebut akan dilakukan setiap 3 bulan. Pembayaran pertama bakal dilaksanakan pada 14 April 2021.Lebih lanjut, Kezia menyampaikan bahwa PYFA juga memiliki rencana untuk meluncurkan produk-produk baru pada tahun ini. Hanya saja, Kezia tidak membeberkan akan ada berapa total produk anyar yang akan meluncur pada tahun ini.“Rencananya Pyridam Farma akan meluncurkan produk-produk baru dari berbagai golongan seperti multivitamin dan suplemen yang dibutuhkan konsumen,” pungkas Kezia.  "
20,"Pemerintah rilis insentif PPN, ini kata Intiland (DILD)",https://investasi.kontan.co.id/news/pemerintah-rilis-insentif-ppn-ini-kata-intiland-dild,"KONTAN.CO.ID -  JAKARTA. PT Intiland Development Tbk (DILD) yakin insentif Pajak Pertambahan Nilai (PPN) yang ditanggung pemerintah dapat menyokong pra penjualan yang dibidik perusahaan properti tersebut tahun ini.Sekretaris Perusahaan DILD Theresia Rustandi menyampaikan, sejumlah insentif yang dikucurkan pemerintah, termasuk stimulus PPN bisa mendongkrak penjualan properti. Apalagi dengan vaksinasi dan pemulihan ekonomi yang sedang berjalan, Theresia yakin kinerja DILD tahun ini bisa lebih tinggi dibanding tahun lalu.""Kami optimistis bisa lebih baik. Dengan dorongan insentif pemerintah dan perkembangan yang baik dari vaksin Covid-19. Kami harapkan pergerakan ekonomi juga semakin cepat,"" kata Theresia saat dihubungi Kontan.co.id, Selasa (2/3).Adapun, pada tahun ini pra penjualan atawa marketing sales DILD ditargetkan bisa mencapai Rp 2 triliun. Kontribusi terbesar berasal dari penjualan rumah dan apartemen. ""Fokus utama penjualan memang untuk inventori yang kami miliki,"" sambung Theresia.Sayangnya, dia belum membuka berapa jumlah rumah maupun apartemen DILD yang sudah siap huni (ready stock) dan sesuai dengan rentang harga insentif PPN yang disyaratkan pemerintah. Yang pasti, DILD akan mengoptimalkan penjualan dari insentif PPN ini.""Stock rumah dan apartemen ada dan sedang proses untuk disiapkan. Kami semua pengembang akan bersama-sama menyukseskan program ini supaya bisa meningkatkan investasi, menciptakan lapangan kerja dan menggerakkan ekonomi,"" ungkap Theresia.Baca Juga: Begini tanggapan Intiland (DILD) dan Ciputra (CTRA) terkait kebijakan LTVDia pun belum bisa membeberkan sejauh mana dampak insentif PPN tersebut dalam menurunkan harga rumah. Theresia bilang, pihaknya masih menunggu detail teknis terkait PPN keluaran dan masukan yang bisa dikreditkan. ""Ini teknis sekali, namun sangat penting dalam proses penghitungan harga rumah,"" pungkasnya.Melalui Peraturan Menteri Keuangan (PMK) Nomor 21/PMK/010/2021, pemerintah memberikan insentif PPN untuk rumah tapak dan rumah susun dengan harga maksimal Rp 5 miliar. Insentif itu berlaku enam bulan, mulai dari 1 Maret hingga 31 Agustus 2021.Syarat insentif tersebut harus merupakan rumah baru yang diserahkan dalam kondisi siap huni pada periode pemberian insentif. Maksimal insentif ini berlaku untuk 1 unit rumah tapak atau rumah susun bagi satu orang, dan tidak boleh dijual kembali dalam jangka waktu 1 tahun. 100% PPN akan ditanggung pemerintah untuk rumah dengan harga jual paling tinggi Rp 2 miliar. Sedangkan untuk rumah dengan harga lebih dari Rp 2 miliar sampai dengan Rp 5 miliar, pemerintah akan menanggung 50% PPN.Estimasi anggaran yang ditanggung pemerintah dalam insentif PPN ini mencapai Rp 5 triliun sebagai bagian dari insentif usaha dalam program pemulihan ekonomi nasional (PEN) 2021.  "
21,"Rekomendasi saham pilihan hari ini Rabu (3/3/2021), KRAS, HMSP, SSIA",https://investasi.kontan.co.id/news/rekomendasi-saham-pilihan-hari-ini-rabu-332021-kras-hmsp-ssia,"KONTAN.CO.ID - Jakarta. Perdagangan saham di Bursa Efek Indonesia (BEI) hari ini Rabu 3 Maret 2021 segera dimulai. Sebelum memulai transaksi saham hari ini, simak rekomendasi analis terhadap sejumlah saham pilihan yang bisa memberikan cuan.Indeks Harga Saham Gabungan (IHSG) ditutup menguat 0,33% di level 6.359,20 pada perdagangan Selasa (2/3). Sebanyak 225 saham menguat, 253 saham melemah, dan 162 saham stagnan.Pada perdagangan kemarin, investor asing membukukan pembelian bersih (net buy) Rp 27,65 miliar di seluruh pasar. Analis MNC Sekuritas, Aqil Triyadi menjelaskan penguatan IHSG kemarin didorong oleh penguatan bursa global dan rilis data ekonomi PMI Manufacturing yang masih bertahan di level 50 walaupun terjadi penurunan MoM.Untuk hari ini, Aqil prediksi IHSG berpotensi terkoreksi wajar melihat dari pergerakan kemarin yang belum terlalu kuat penguatannya menuju ke level resistance 6.428. ""Selain itu, melihat indicator stochastic yang sudah berada di daerah overbought, dan saat ini IHSG sedang berada pada upper bollinger bands,"" jelasnya kepada Kontan.co.id, Selasa (2/3).Baca Juga: IHSG hari ini ditutup menguat 0,33%, analis memprediksi besok akan bergerak terbatasMenurutnya, sentimen yang perlu dicermati dari pergerakan bursa global serta harga komoditas masih menjadi pemicu pergerakan IHSG. MNC Sekuritas memproyeksikan support IHSG besok di level 6.209 - 6.173. Sementara, resistance 6.382 - 6.428.MNC Sekuritas merekomendasikan pelaku pasar untuk memperhatikan saham-saham pilihan yang dinilai cukup menarik seperti1. Saham PT Hanjaya Mandala Sampoerna Tbk (HMSP)  Saham HMSP dengan support Rp 1.380 - Rp 1.360 dan resistance Rp 1.470 - Rp 1.5152. Saham PT Krakatau Steel Tbk (KRAS)  Saham KRAS dengan support Rp 600 dan resistance Rp 740.3. Saham PT Surya Semesta Internusa Tbk (SSIA)  Saham SSIA dengan support Rp 500 dan resistance Rp 530 - Rp 550.Ingat, disclaimer on. Segala risiko investasi dari rekomendasi saham pilihan hari ini menjadi tanggung jawab Anda sendiri. "
22,Harga emas turun tipis setelah rebound dari level terendah tujuh bulan,https://investasi.kontan.co.id/news/harga-emas-turun-tipis-setelah-rebound-dari-level-terendah-tujuh-bulan,"KONTAN.CO.ID - JAKARTA. Harga emas turun di awal perdagangan pagi ini setelah kemarin rebound dari level terendah sejak Juni 2020. Rabu (3/3) pukul 7.25 WIB, harga emas spot berada di US$ 1.736,34 per ons troi.Harga emas ini turun 0,12% jika dibandingkan dengan harga penutupan perdagangan kemarin pada US$ 1.738,36 per ons troi. Harga emas kemarin menguat 0,77% dari level terendah sejak Juni 2020 atau dalam tujuh bulan terakhir.""Harga emas melonjak mendekati sesi tertinggi karena imbal hasil dan penurunan kurs dolar AS,"" kata Tai Wong, trader di BMO kepada Reuters. Wong menambahkan bahwa kenaikan harga emas kemarin dari posisi terendah menunjukkan bahwa investor dan spekulan jangka pendek sedang melakukan bargain-hunting atau beli saat harga turun dan memicu short-covering atau menutup posisi short juga. ""Penutupan di atas US$ 1.725 per ons akan dianggap kunci pembalikan,"" kata dia. Baca Juga: Harga emas hari ini di Pegadaian, Rabu 3 Maret 2021Indeks dolar yang mencerminkan nilai tukar dolar AS terhadap mata uang utama dunia turun 0,28% setelah mencapai level tertinggi hampir empat minggu. Pelemahan kurs dolar menyebabkan emas lebih murah bagi pemegang mata uang lainnya. Mendukung emas, imbal hasil US Treasury acuan turun dari level tertinggi dalam satu tahun. Sementara Wall Street kemarin pun turun. Tiga indeks utama pasar saham AS kompak melemah. ""Dilema utama saat ini untuk kenaikan emas adalah kenaikan imbal hasil Treasury AS jangka pendek,"" kata Bob Haberkorn, ahli strategi pasar senior di RJO Futures. Baca Juga: Wall Street tertekan penurunan saham Apple dan TeslaHaberkorn mengungkapkan bahwa Federal Reserve bersikap sangat akomodatif dengan stimulus, dengan suku bunga rendah untuk jangka waktu yang lama. ""Tapi saat ini kita harus menghadapi kenaikan suku bunga jangka pendek ini,"" ungkap dia. Emas dianggap sebagai lindung nilai terhadap inflasi. Tapi imbal hasil yang lebih tinggi mengancam status tersebut karena meningkatkan opportunity cost untuk memegang emas batangan. Pelaku pasar terus mencermati kelanjutan stimulus US$ 1,9 triliun, yang akan dibahas di Senat AS minggu ini. Baca Juga: Satu tahun pandemi Covid-19, saham-saham ini torehkan kinerja moncer"
23,"Saham-saham ini naik fantastis di masa pandemi, simak rekomendasi analis berikut",https://investasi.kontan.co.id/news/saham-saham-ini-naik-fantastis-di-masa-pandemi-simak-rekomendasi-analis-berikut,"KONTAN.CO.ID - JAKARTA. Tepat satu tahun Covid-19 ada di Indonesia, pergerakan Indeks Harga Saham Gabungan (IHSG) mengalami jatuh bangun. Pada 24 Maret 2020 IHSG menyentuh level terendah yakni di 3.937,63. Kini, IHSG sudah kembali bergerak naik dan pada penutupan perdagangan Selasa (2/3) IHSG menguat 0,33% ke level 6.359,21.Pada periode 2 Maret 2020-2 Maret 2021, ada beberapa saham yang mengalami kenaikan harga fantastis. Dua saham tersebut merupakan emiten pertambangan emas yakni PT Aneka Tambang (ANTM) yang menguat hingga 374,78% dan PT Merdeka Copper Gold Tbk (MDKA) yang melonjak 104,60%.Head of Investment Research Infovesta Utama Wawan Hendrayana menilai, emiten pertambangan emas ini diuntungkan oleh kenaikan harga emas yang kian kinclong di tengah pandemi Covid-19. Pada tahun lalu emas makin diburu lantaran termasuk aset lindung nilai alias safe haven. Saham emiten tambang nikel juga terpantau melanju di tengah pandemi, misalnya PT Vale Indonesia Tbk (INCO) naik 139,79%.“Kenaikan harga komoditas nikel mendorong harga saham emiten nikel seperti INCO dan ANTM. Hal ini juga karena adanya ekspektasi akan dibangun pabrik baterai kendaraan listrik di Indonesia,” ungkap Wawan ketika dihubungi Kontan.co.id, Selasa (2/3).Baca Juga: Berikut deretan saham paling moncer di tengah pandemi Covid-19Selanjutnya, saham-saham yang juga mencetak kenaikan harga sepanjang masa pandemic ada PT Timah Tbk (TINS) yang menguat 256,52%, PT Tjiwi Kimia Tbk (TKIM) naik 142,50%, dan PT Indah Kiat Pulp & Paper Tbk (INKP) melesat 256,52%.Adapun saham perbankan PT Bank Syariah Indonesia TBk (BRIS) bahkan terkerek hingga 1.195%, PT Bank Rakyat Indonesia Agroniaga Tbk tumbuh 815,54%, saham PT Kimia Farma Tbk (KAEF) menguat 520,69%.Wawan bilang, meningkatnya permintaan kertas di tengah pandemi menjadi salah satu faktor naiknya saham emiten kertas seperti TKIM dan INKP. Ia memandang kinerja kedua emiten ini masih cukup baik di tengah pandemi karena kebutuhan pesan antar makanan ke rumah masih tinggi.“Yang lainnya lebih karena ada aksi korporasi, seperti BRIS ada merger bank syariah dan AGRO menjadi bank digital,” tambah Wawan.Lebih lanjut ia memandang kinerja perbankan pada tahun ini akan berangsur pulih, namun untuk AGRO sendiri memiliki pesaing cukup banyak yang berkecimpung di bank digital.Secara keseluruhan ia mengungkapkan memang saham-saham dengan peringkat kenaikan tertinggi ini kebanyakan bukan dari sektor yang terbilang anti krisis. Akan tetapi lebih kepada aksi korporasi yang dilakukan emiten.Wawan menjagokan saham seperti ANTM, INCO, INKP, dan BRIS lantaran memiliki prospek yang masih cerah. Terlebih emiten yang berkaitan dengan nikel, ia memprediksi harga nikel akan cenderung stabil dan bisa meningkat dalam jangka tiga sampai empat tahun ke depan. Ia memasang target harga untuk ANTM di Rp 3.000, INCO dengan target harga Rp 6.000, dan INKP di harga Rp 14.000 per saham. "
24,Ini kontrak baru yang didapat Acset Indonusa (ACST) dalam 2 bulan pertama 2021,https://investasi.kontan.co.id/news/ini-kontrak-baru-yang-didapat-acset-indonusa-acst-dalam-2-bulan-pertama-2021,"KONTAN.CO.ID -  JAKARTA. Realisasi kontrak baru yang didapat PT Acset Indonusa Tbk (ACST) sebesar Rp 140 miliar. Kondisi ini jauh lebih baik ketimbang semester I-2020. Kala itu, ACST hanya mencatatkan realisasi kontrak baru sebanyak Rp 1 miliar. Sekretaris Perusahaan Acset Indonusa Maria Cesilia Hapsari menjelaskan, hingga saat ini Acset telah mencatatkan perolehan kontrak baru dari pembangunan fondasi Terowongan Silaturahmi Masjid Istiqlal dan fondasi Menara BRI Medan. Keduanya dioperasikan oleh anak usaha Acset Indonusa yang terspesialisasi di bidang fondasi yaitu Acset Pondasi Indonusa. Selain itu, Acset juga mendapatkan kontrak pekerjaan sipil Pembangkit Listrik Tenaga Mini Hidro (PLTM) Besai Kemu, Lampung. Di tahun 2021, Maria tidak merinci target kontrak baru. Hanya saja, dia menjelaskan, Acset akan berupaya untuk mendapatkan proyek-proyek baru secara selektif dan memastikan bahwa proyek tersebut sesuai dengan kemampuan dan kapasitas operasional.""Acset masih akan tetap fokus mencari peluang pada tiga lini bisnis utamanya, yakni fondasi, struktur dan infrastruktur. Kami juga selalu memperkaya keahlian kami dalam ketiga bidang usaha tersebut dengan diversifikasi,"" kata dia kepada Kontan.co.id, Selasa (2/3). Baca Juga: Acset Indonusa (ACST) sebut kinerja 2020 sesuai ekspektasi di tengah pandemi Covid-19Strategi yang dilakukan Acset dalam menjalankan fokus tersebut diantaranya mengutamakan prinsip safety dan quality sebagai prinsip utama kerja, melakukan perbaikan berkelanjutan untuk mencapai operational excellence, dan pemanfaatan teknologi engineering untuk meningkatkan efisiensi.Kemudian aktif mencari peluang dengan mengutamakan kesesuaian kompetensi, memperkuat aliansi dengan mitra strategis, dan proaktif memperkaya keahlian guna menyediakan jasa konstruksi terintegrasi.Tahun ini, Acset melihat bahwa masih terdapat beberapa gejolak yang menimbulkan ketidakpastian di industri melihat kondisi perekonomian Indonesia yang mengalami resesi di tahun 2020. Namun, Acset tetap optimis dalam melihat seluruh peluang yang terbentang. ""Kerugian mungkin masih dapat bertambah mengingat faktor-faktor penyebab kerugian yang kami sampaikan sebelumnya masih bisa terjadi, namun demikian kami terus berupaya untuk memperbaiki kinerja,"" jelas dia. Di sisi lain, Maria masih enggan menjelaskan mengenai anggaran belanja modal alias capital expenditure (capex). Dia menjelaskan, dalam Grup Acset, manajemen mencoba untuk melengkapi value chain yang ada melalui anak perusahaan yang bergerak di bidang rental alat berat, jasa formwork/bekisting, rental passenger hoist dan tower crane, maupun entitas asosiasi yang menyediakan jasa concrete pumping. ""Capex akan digunakan untuk menambah dan mengganti alat produksi Acset yang sudah habis masa pakainya,"" pungkas dia.   "
25,"Simak rekomendasi teknikal saham BBNI, JSMR dan GGRM untuk hari ini (3/3)",https://investasi.kontan.co.id/news/simak-rekomendasi-teknikal-saham-bbni-jsmr-dan-ggrm-untuk-hari-ini-33,"KONTAN.CO.ID - JAKARTA. Indeks Harga Saham Gabungan (IHSG) menguat 0,33% ke 6.359,20 pada penutupan perdagangan Selasa (2/3). Berikut merupakan rekomendasi teknikal tiga saham pilihan dari beberapa analis untuk diperdagangkan di Bursa Efek Indonesia pada Rabu (3/3).1. PT Bank Negara Indonesia Tbk (BBNI)Pergerakan harga saham BBNI telah menguji garis MA 20 sehingga peluang terjadinya penguatan masih terbuka lebar. Hal ini didukung oleh indikator MACD (12,26,9) dan RSI (14,9) telah menunjukkan adanya pola golden cross.M Nafan Aji, Binaartha Sekuritas2. PT. Jasa Marga Tbk (JSMR)Pergerakan JSMR saat ini berada dalam rentang konsolidasi 6.100-6.300. Sementara indikator stochastic memperlihatkan adanya pola golden cross, dengan MACD histogram negatif dan bergerak downtrendDimas Wahyu Putra, NH Korindo Sekuritas3. PT Gudang Garam Tbk (GGRM)Pergerakan GGRM ditutup menguat membentuk pola candle bullish reversal. Dengan volume transaksi yang diperdagangkan cukup ramai dari rata-rata perdagangan 5 hari. Indikator stochastic juga nampak terjadi golden cross yang mengindikasikan ada potensi penguatan.Ivan Kasulthan, Erdikha Elit Sekuritas  "
26,"Saham Ifishdeco (IFSH) masuk UMA, begini penjelasan manajemen IFSH",https://investasi.kontan.co.id/news/saham-ifishdeco-ifsh-masuk-uma-begini-penjelasan-manajemen-ifsh,"KONTAN.CO.ID - JAKARTA. Bursa Efek Indonesia (BEI) memasukkan saham PT Ifishdeco Tbk (IFSH) dalam kategori unusual market activity (UMA) karena harga saham ini naik di luar kebiasaan.BEI meminta investor memperhatikan jawaban IFSH atas permintaan konfirmasi bursa, mencermati kinerja IFSH dan keterbukaan informasinya.Dalam penjelasan ke BEI, manajemen IFSH menyebutkan, sampai saat ini tidak ada informasi material yang belum disampaikan IFSH ke publik.Baca Juga: PT Ifishdeco Tbk (IFSH) Menargetkan Penjualan Bijih Nikel 2,5 Kali Lipat Lebih BanyakDalam keterbukaan informasi ke BEI, Selasa (2/3), Direktur IFSH Ineke Kartika Dewi mengatakan, pergerakan harga saham IFSH terjadi karena mekanisme pasar yang dipicu kenaikan harga bijih nikel dan penilaian terhadap kinerja perusahaan yang membaik.Kemarin, harga saham IFSG stagnan di Rp 850 per saham. Dalam sepekan harga saham IFSH melaju 21,43%. Sementara dalam sebulan harga saham ini sudah melejit 63,46%.  "
27,"Dibayangi triple shock, Elnusa catatkan pendapatan sebesar Rp 7,7 triliun di 2029",https://investasi.kontan.co.id/news/dibayangi-triple-shock-elnusa-catatkan-pendapatan-sebesar-rp-77-triliun-di-2029,"KONTAN.CO.ID -  JAKARTA. Kinerja PT Elnusa Tbk (ELSA) di tahun 2020 tergolong konsisten. Hal tersebut terjadi karena optimalisasi strategi diversifikasi portofolio yang dimiliki.Perusahaan nasional penyedia jasa energi tersebut masih mencatatkan kinerja positif di tengah triple shock yang membayangi sepanjang tahun.Direktur Keuangan Elnusa Hery Setiawan menjelaskan, keberagaman portofolio jasa yang dimiliki perusahaan, dinilai mampu saling menopang satu sama lain dalam mendukung capaian konsolidasi di 2020. ""Meskipun imbas triple shocks yaitu pandemi covid-19, fluktuasi harga minyak dunia dan pelemahan kurs rupiah tersebut cukup kuat dirasakan Perseroan, namun kami tetap mampu mencatatkan kinerja keuangan 2020 dengan baik,"" ungkapnya dalam ketetangan resmi yang diterima Kontan.co.id, Selasa (2/3).Sepanjang tahun 2020, ELSA membukukan pendapatan usaha konsolidasi sebesar Rp 7,7 triliun. Pendapatan usaha konsolidasi tersebut berasal dari kontribusi segmen jasa hulu migas sebanyak 53%, jasa distribusi & logistik energi sebesar 43%, dan jasa penunjang 4%.Adapun dari sisi laba bruto konsolidasi, Elnusa mencatatkan Rp 736 miliar, dengan laba operasi Rp 431 miliar dan laba bersih sebesar Rp 249 miliar. Kontribusi laba bersih didominasi oleh segmen jasa distribusi dan logistik energi.Untuk bisnis jasa hulu migas, segmen ini masih mampu menjaga kinerjanya di tengah ketidakpastian sektor hulu, dengan berbekal total solution services yang dimiliki. Di mana, beberapa proyek berhasil diselesaikan tanpa kendala dan sebagian masih akan berlanjut hingga awal 2021. Beberapa diantaranya seperti survei seismik 3D Jambi Merang, Survei Seismic 3D Tuban dan juga Survei Seismic 3D Batuk Utak. Peningkatan produktivitas Hydraulic Workover Unit (HWU) dan Electric Wireline Logging (EWL) di pada blok-blok migas nasional.Baca Juga: Elnusa (ELSA) optimistis kinerja bisnis akan meningkat di tahun iniPada segmen Distribusi & Logistik Energi, jasa transportasi BBM dan trading BBM Inmar mengalami sedikit tekanan. Namun di sisi lain, unit bisnis Pengelolaan Depo serta Perdagangan Chemical mampu tumbuh dengan baik karena adanya penambahan pengelolaan Depo baru serta peningkatan penjualan Chemical dalam rangka memenuhi kebutuhan aktivitas pengeboran minyak.Sementara itu, jasa penunjang tetap menunjukkan kinerja terbaiknya dalam jasa pendukung marine, fabrikasi peralatan migas serta warehousing dokumen storage yang berhasil tumbuh sangat signifikan.Hery juga mengakui, capaian positif perusahaan tersebut di tahun lalu bukanlah hal yang mudah. ""Hal ini menjadi bukti serta komitmen ELSA terhadap seluruh stakeholders. Di 2021, Elnusa akan terus berupaya menggenjot performa terbaik melalui strategi diversifikasi portofolio yang tetap menjadi andalan,"" jelasnya.Elnusa optimistis prospek di 2021 berbekal pada strategi yang dimiliki, kompetensi yang unggul dan pengalaman yang mumpuni. dengan begitu, harapannya perusahaan tersebut mampu mendukung pemerintah dalam merealisasikan produksi minyak satu juta BOPD, penambahan kapasitas peralatan maupun aset pada lini jasa yang jelas pangsa pasarnya, penjajakan berbagai bisnis baru ke depan.Sementara itu, di sektor distribusi dan logistik energi ELSA akan terus melanjutkan pembangunan infrastruktur penyimpanan BBM maupun LPG dan melakukan penambahan armada untuk pendistribusian BBM ke seluruh masyarakat khususnya di luar pulau Jawa dan tentunya memberikan capaian yang lebih baik lagi di tahun ini.  "
28,Multistrada Arah Sarana (MASA) berencana delisting dan go private,https://investasi.kontan.co.id/news/multistrada-arah-sarana-masa-berencana-delisting-dan-go-private,"KONTAN.CO.ID - JAKARTA. PT Multistrada Arah Sarana Tbk (MASA) berencana untuk go private dan menghapus pencatatan saham (delisting) dari Bursa Efek Indonesia (BEI). Emiten ban ini telah mengungkapkan rencana tersebut ke BEI pada Senin (1/3).Dengan rencana tersebut, MASA pun meminta penghentian sementara perdagangan saham MASA mulai Selasa (2/3). BEI mengungkapkan bahwa MASA telah menyampaikan rencana melakukan voluntary delisting atawa penghapusan pencatatan saham secara sukarela dari Bursa Efek Indonesia dan go private. ""Dengan demikian, perdagangan efek MASA dihentikan sementara di seluruh pasar, efektif mulai sesi I perdagangan efek tanggal 2 Maret 2021,"" ungkap BEI dalam pengumuman bursa, Selasa (2/3).Rencana go private dan delisting MASA ini masih perlu memperoleh persetujuan dari pemegang saham. Selain itu, Multistrada akan menggelar penawaran tender bagi saham publik yang masih beredar.""Multistrada akan melakukan keterbukaan informasi terpisah terkait rencana go private dan delisting sesuai dengan ketentuan peraturan perundang-undangan yang berlaku,"" ungkap Boey Pang Ho, Direktur Multistrada dalam keterbukaan informasi di BEI, Selasa (2/3).Baca Juga: Gajah Tunggal (GJTL) tepis rumor rencana merger dengan Multistrada Arah Sarana (MASA)Per akhir Januari 2021, Michelin memiliki 99,64% saham MASA. Sedangkan kepemilikan publik hanya 33,18 juta saham atau setara 0,36% dari modal ditempatkan dan disetor penuh Multistrada.Produsen ban asal Prancis, Compagnie Générale Des Etablissements Michelin menjadi pemegang saham pengendali Multistrada Arah Sarana setelah merealisasi akuisisi 87,59% saham MASA pada awal Maret 2020. Nilai akuisisi ini mencapai sekitar Rp 6,78 triliun. Setelah itu, Michelin menggelar tender offer wajib atas seluruh sisa saham MASA yang ketika itu masih mencapai 1,14 miliar saham atau 12,41%.Baca Juga: Bisnis ban mobil Multisarada Arah Sarana (MASA) mulai menggelinding di paruh keduaSekadar informasi, voluntary delisting atawa penghapusan pencatatan saham secara sukarela di Bursa Efek Indonesia (BEI) jarang terjadi. Dari enam emiten yang delisting tahun lalu, hanya satu emiten yang delisting sukarela, yakni PT Danayasa Arthatama Tbk.Di tahun 2019, ada dua delisting sukarela karena kedua emiten merger dengan perusahaan yang juga tercatat di BEI. Kedua emiten yang delisting sukarela di tahun 2019 adalah PT Bank Mitraniaga Tbk yang merger ke PT Bank Agris Tbk yang kemudian berganti nama menjadi PT Bank IBK Indonesia Tbk (AGRS) dan PT Bank Nusantara Parahyangan Tbk yang merger dengan PT Bank Danamon Indonesia Tbk (BDMN). "
29,"Saham Mark Dynamics (MARK) masuk Indeks FTSE micro cap, begini rekomendasi analis",https://investasi.kontan.co.id/news/saham-mark-dynamics-mark-masuk-indeks-ftse-micro-cap-begini-rekomendasi-analis,"KONTAN.CO.ID - JAKARTA. Financial Times Stock Exchanege (FTSE) melakukan rebalancing untuk FTSE global equity index. Sejumlah saham mengisi indeks tersebut dengan kategori micro cap, salah satunya PT Mark Dynamics Indonesia Tbk (MARK).Pada Selasa (2/3), saham MARK melemah 1,40% ke level Rp 1.060. Meski demikian, secara year-to-date, saham emiten produsen cetakan sarung tangan ini menguat 137,67%.Analis Kiwoom Sekuritas Indonesia Sukarno Alatas menilai, untuk saat ini kondisi valuasi saham MARK sudah tergolong mahal, sehingga dia menilai saham MARK belum menarik untuk dikoleksi.“Tetapi tidak menutup kemungkinan, meskipun kondisi mahal karena kinerjanya bagus, masih ada peluang menguat dalam jangka pendek,” terang Sukarno kepada Kontan.co.id, Selasa (2/3).Baca Juga: Ada rebalancing FTSE micro cap, saham ini paling menarik untuk dilirik investorKontan.co.id mencatat, MARK cukup optimistis dalam menghadapi tahun ini, meskipun pandemi Covid-19 mulai melandai. Target penjualan yang dipasang MARK tahun ini sebesar Rp 1,06 triliun dengan laba bersih sekitar Rp 300,6 miliar. Sedangkan untuk tahun lalu, MARK menargetkan penjualan sebesar Rp 548 miliar.Meski masih berpotensi menguat dalam jangka pendek, Sukarno menyarankan agar investor tetap memperhatikan faktor teknikal jika ingin melakukan trading di saham ini. “Pergerakannya saat ini masih cenderung sideways. Kita bisa memanfaatkan trading buy area support dan sell ketika sudah mendekati area resistance,” tutup dia.   "
30,"Saham big cap: IHSG naik, CPIN reli 4 hari, BRIS turun 3 hari",https://investasi.kontan.co.id/news/saham-big-cap-ihsg-naik-cpin-reli-4-hari-bris-turun-3-hari,"KONTAN.CO.ID - JAKARTA. Indeks Harga Saham Gabungan (IHSG) menguat 0,33% ke level 6.359,21 pada Selasa (2/3). IHSG terangkat sejumlah saham big cap yang menguat.Kemarin, dari 15 saham big cap dengan kapitalisasi pasar di atas Rp 100 triliun, 8 saham diantaranya menguat, 6 saham melemah dan 1 saham lain stagnan harganya.Saham big cap yang naik 4 hari berturut-turut: CPIN.Saham big cap yang turun selama 3 hari berturut: BRIS.Baca Juga: Awas bakal ada diskon saham hari ini (3/3), saham berikut bisa jadi rekomendasiSaham big cap dengan kenaikan market cap tertinggi harian, Selasa (2/3):1. HMSP (7,87% | Rp 167,49 triliun)2. EMTK (6,16% | Rp 126,42 triliun)3. ARTO (2,50% | Rp 110,16 triliun)Saham big cap dengan penurunan market cap harian terdalam, Selasa (2/3):1. BRIS (-2,40% | Rp 115,76 triliun)2. BBNI (-1,20% | Rp 113,54 triliun)3. TLKM (-0,86% | Rp 342,75 triliun)Baca Juga: Ini 10 saham paling banyak dikoleksi asing saat IHSG menguat, Selasa (2/3)Saham big cap dengan kenaikan market cap mingguan tertinggi (Selasa, 02 Maret 2021 vs Selasa, 23 Februari 2021):1. HMSP (5,49% | Rp 167,49 triliun)2. BMRI (4,35% | Rp 304,91 triliun)3. CPIN (4,13% | Rp 103,30 triliun)Saham big cap dengan presentase penurunan market cap mingguan terdalam (Selasa, 02 Maret 2021 vs Selasa, 23 Februari 2021):1. TPIA (-4,40% | Rp 174,32 triliun)2. ASII (-2,62% | Rp 225,69 triliun)3. UNVR (-0,36% | Rp 260,37 triliun)  "
31,"Pergerakan IHSG diramal terbatas, simak rekomendasi saham untuk hari ini",https://investasi.kontan.co.id/news/pergerakan-ihsg-diramal-terbatas-simak-rekomendasi-saham-untuk-hari-ini,"KONTAN.CO.ID - JAKARTA. Indeks Harga Saham Gabungan (IHSG) ditutup menguat 0,33% di level 6.359,20 pada perdagangan Selasa (2/3). Sebanyak 225 saham menguat, 253 saham melemah, dan 162 saham stagnan.Pada perdagangan kemarin, investor asing membukukan pembelian bersih (net buy) Rp 27,65 miliar di seluruh pasar.Analis Pilarmas Investindo, Okie Setya Ardiasmata menjelaskan penguatan tersebut didorong dari penurunan imbal hasil obligasi pemerintah Amerika yang meredam kekhawatiran pelaku pasar saat ini. Dengan begitu, memberikan dampak positif pada perdagangan pasar saham global.Baca Juga: IHSG menguat 0,33% ke 6.359 pada perdagangan Selasa (2/3), asing borong saham bankNamun, ia menyebutkan depresiasi rupiah yang diikuti dengan outflow dari pasar obligasi memberikan tekanan pada laju pergerakan IHSG.Oleh sebab itu, Pilarmas Investindo memperkirakan IHSG hari ini akan melemah terbatas. Perlambatan tersebut seiringan dengan pergerakan pasar saham global yang dinilai masih dapat tertekan dalam jangka waktu pendek.""Selain itu, rilis data dari dalam negeri seperti pertumbuhan kredit, inflasi dan manufaktur yang mengindikasikan adanya perlambatan ikut memberikan tekanan pada pergerakan IHSG yang diproyeksikan dapat terbatas,"" ujarnya kepada kontan.co.id, Selasa (2/3).Menurutnya , saat ini pelaku pasar akan mencermati dampak dari stimulus fiskal dan juga moneter terhadap kinerja perekonomian di akhir kuartal I. Stimulus fiskal pada sektor otomotif dan juga properti diharapkan dapat memberikan efek domino pada sektor penunjangnya yang menjadi trigger terhadap daya beli masyarakat dan juga produktivitas sektor industri.Baca Juga: Akan melantai di bursa, Berkah Beton Sadaya gunakan kode saham BEBSOkie memproyeksikan, IHSG hari ini akan berada di rentang 6.293 - 6.388. Untuk besok, ia mengatakan saham-saham yang menarik untuk dicermati INDF, INTP, dan SMGR.Secara teknikal, Analis Binaartha Sekuritas Muhammad Nafan Aji Gusta Utama mengatakan, berdasarkan rasio fibonacci, support maupun resistance minimum berada pada 6.256,03 hingga 6.455,53.Berdasarkan indikator, MACD dan RSI masih menunjukkan sinyal positif. Namun demikian, stochastic mulai menunjukkan jenuh beli atau overbought. Di sisi lain, terlihat pola bearish spinning top candle yang mengindikasikan adanya potensi koreksi wajar pada pergerakan IHSG.Binaartha Sekuritas merekomendasikan saham-saham yang menarik untuk dicermati yakni AALI, BEST, UNTR, WEGE, WSBP, dan WSKT. "
32,"Progres obat dan vaksin Covid 19 KLBF sesuai jalur, ini rekomendasi Maybank",https://investasi.kontan.co.id/news/progres-obat-dan-vaksin-covid-19-klbf-sesuai-jalur-ini-rekomendasi-maybank,"KONTAN.CO.ID - JAKARTA. Progress obat dan vaksin Covid 19 PT Kalbe Farma Tbk (KLBF) yang sudah sesuai jalur. Kalbe memperkirakan, komersialisasi dua produk tersebut akan mulai dilakukan pada kuartal III tahun 2021. Analis Maybank Kim Eng Sekuritas, Aurellia Setiabudi percaya, General Atlantic sebagai mitra baru dalam bagian riset dan pengembangan alias research and development (R&D) akan membuka peluang bisnis baru biosimilar secara global. ""Pengembangan GX-17 sebagai imunoterapi untuk Covid-19 dan produk imun-onkologi untuk kanker saat ini dalam klinis uji coba Fase II untuk menguji kemanjurannya sebagai obat Covid-19 khusus untuk orang tua dengan gejala Covid-19 ringan dan diperkirakan akan mulai komersialisasi pada kuartal III tahun 2021,"" ujar Aurellia seperti dikutip dalam riset 25 Februari 2021. Baca Juga: Kalbe Farma (KLBF) Pastikan Komersialisasi Vaksin Covid-19 pada Kuartal IIIKalbe Farma (KLBF) juga mulai uji klinis Fase II dan fase III vaksin GX-19 Covid-19. Produk ini ditargetkan menerima izin BPOM alias Emergency Use Authorization (EUA) pada kuartal III tahun 2021. ""Kami juga yakin KLBF akan mengambilnyabagian dari program vaksinasi massal. Kami memperkirakan rencana program tersebut akan diumumkan dalam beberapa minggu mendatang,"" jelas Aurellia. Aurellia menambahkan, kerjasama General Atlantic untuk investasi ke anak usaha di unit R&D untuk bisnis biosimilar bisnis, KGB cukup positif bagia KLBF. ""Kami pikir General Atlantic mungkin membuka peluang bisnis global bagi KGB dengan sifat investasi yang luas di dunia,"" terang dia dalam riset. Investasi ini bisa mengurangi risiko R&D dan kebutuhan belanja modal di masa depan untuk KLBF pada bisnis biosimilar. Pasalnya, KGB adalah salah satu sumber utama pertumbuhan KLBF.""Kami terus percaya posisi KLBF sebagai perusahaan farmasi di Indonesia yang terdepan,"" terang Aurellia. Ia yakin pertumbuhan laba tetap akan tinggi dibanding sebelumnya. Pada tahun 2020, KLBF diperkirakan bisa membukukan pendapatan Rp 23,84 triliun dengan laba bersih menjadi Rp 2,69 triliun. Sementara pada tahun 2021, KLBF bakal membukukan pendapatan Rp 25,34 triliun dengan laba bersih menjadi Rp 2,94 triliun. Baca Juga: Kalbe Farma (KLBF) pastikan komersialisasi vaksin Covid-19 berjalan sesuai jadwalSaat ini, saham KLBF masih diremehkan. Tapi Aurellia memberi rekomendasi beli saham KLBF di Rp 2.000 per saham. Namun ada risiko utama pada bisnis KLBF yakni depresiasi rupiah yang tajamdan perubahan tajam dalam bauran penjualan yang memengaruhi margin. Selain itu kebutuhan belanja iklan yang lebih tinggi."
33,"IHSG diprediksi melemah, simak rekomendasi saham untuk perdagangan Rabu (3/3)",https://investasi.kontan.co.id/news/ihsg-diprediksi-melemah-simak-rekomendasi-saham-untuk-perdagangan-rabu-33,"KONTAN.CO.ID - JAKARTA. Indeks Harga Saham Gabungan (IHSG) ditutup menguat 0,33% di level 6.359,21 pada perdagangan Selasa (2/3). Untuk perdagangan hari ini, Rabu (3/3), IHSG diprediksi bakal bergerak melemah.Analis Binaartha Sekuritas, M. Nafan Aji Gusta Utama mengatakan, IHSG berpotensi bergerak melemah pada perdagangan Rabu (3/3). Berdasarkan rasio fibonacci, support maupun resistance minimum berada pada 6.256,03 hingga 6.455,53. Berdasarkan indikator, MACD dan RSI masih menunjukkan sinyal positif.""Namun demikian, stochastic mulai menunjukkan jenuh beli atau overbought. Di sisi lain, terlihat pola bearish spinning top candle yang mengindikasikan adanya potensi koreksi wajar pada pergerakan IHSG,"" ujarnya dalam riset, Selasa (2/3).Baca Juga: Simak rekomendasi analis untuk saham-saham dengan kenaikan fantastis di masa pandemiAdapun sejumlah rekomendasi saham yang dapat menjadi pertimbangan investor, antara lain sebagai berikut:1. PT Astra Agro Lestari Tbk (AALI) Pergerakan harga saham telah menguji garis MA 10 sehingga peluang terjadinya penguatan minimal menuju ke level resistance pertama masih terbuka lebar. Nafan merekomendasikan akumulasi pada area level Rp 10.750 –Rp 11.050, dengan target harga secara bertahap di Rp 11.575, Rp 12.650 dan Rp 13.750. Support: Rp 10.750 & Rp 10.475. 2. PT Bekasi Fajar Industrial Estate Tbk (BEST)Pergerakan harga saham telah menguji beberapa garis MA 10 maupun MA 20 sehingga peluang terjadinya penguatan minimal menuju ke level resistance pertama masih terbuka lebar. Ia menyarankan akumulasi pada area Rp 156 –Rp 162, dengan target harga secara bertahap di level Rp 179, Rp 190, Rp 198 dan Rp 234. Support: Rp 148. 3. PT United Tractors Tbk (UNTR) Pergerakan harga saham telah menguji garis MA 10 sehingga peluang terjadinya penguatan minimal menuju ke level resistance pertama masih terbuka lebar. Nafan memberikan rekomendasi akumulasi pada area level Rp 22.500 – Rp 22.900, dengan target harga secara bertahap di Rp 23.250, Rp 24.100, Rp 25.175, Rp 27.725, Rp 30.250 dan Rp 34.500. Support: Rp 22.000, Rp 21.300 & Rp 20.100. 4.  PT Wijaya Karya Bangunan Gedung Tbk (WEGE) Pergerakan harga saham telah menguji beberapa garis MA 10 maupun MA 20 sehingga peluang terjadinya penguatan minimal menuju ke level resistance pertama masih terbuka lebar. Baca Juga: Berikut deretan saham paling moncer di tengah pandemi Covid-19Nafan merekomendasikan akumulasi pada area level Rp 236 – Rp 242, dengan target harga secara bertahap di level Rp 250, Rp 314 dan Rp 378. Support: Rp 222 & Rp 200. 5. PT Waskita Beton Precast Tbk (WSBP)Pergerakan harga saham telah menguji beberapa garis MA 10 maupun MA 20 sehingga peluang terjadinya penguatan minimal menuju ke level resistance pertama masih terbuka lebar. Ia menyarankan akumulasi pada area level Rp 256 – Rp 262, dengan target harga secara bertahap di level Rp 278, Rp 298, Rp 314 and Rp 382. Support: Rp 244. 6. PT Waskita Karya Tbk (WSKT)Pergerakan harga saham telah menguji garis MA 60 sehingga peluang terjadinya penguatan minimal menuju ke level resistance pertama masih terbuka lebar. Ia menyarankan akumulasi pada area level Rp 1.480 – Rp 1.490, dengan target harga secara bertahap di level level Rp 1.570, Rp 1.670 dan Rp 2.100. Support: Rp 1.445.  "
34,"Kasus corona mulai melandai, simak target kinerja Mark Dynamics di 2021",https://investasi.kontan.co.id/news/kasus-corona-mulai-melandai-simak-target-kinerja-mark-dynamics-di-2021,"KONTAN.CO.ID -  JAKARTA. Kurva penambahan virus corona di Indonesia dan global mulai melandai. Minggu (28/2), kasus baru yang tercatat di Indonesia hanya 5.560, yang merupakan terendah sejak awal 2021. Bahkan, kurva kasus Covid-19 di Indonesia mulai melandai setidaknya sejak 22 Februari 2021.Meski demikian, Presiden Direktur PT Mark Dynamics Indonesia Tbk (MARK) Ridwan Goh menilai, kondisi tersebut tidak akan secara langsung berhubungan dengan permintaan cetakan sarung tangan, yang merupakan produk utama dari perusahaan ini.Permintaan cetakan sarung tangan MARK, dipengaruhi oleh tren permintaan sarung tangan global yang mengalami peningkatan signifikan saat pandemi. Hal ini seiring dengan meningkatnya kesadaran masyarakat akan kesehatan setelah adanya pandemi Covid-19.Selama 10 tahun terakhir, tren pertumbuhan sarung tangan berada di rentang 10%-15% per tahun. Dengan adanya pandemi ini terjadi peningkatan pertumbuhan permintaan hingga 50%.Peningkatan ini, mengakibatkan produsen sarung tangan mengerek produksinya, sehingga penggunaan cetakan sarung tangan MARK juga meningkat tajam. Ridwan memproyeksikan, peningkatan ini diperkirakan masih terus berlangsung sampai dengan tahun 2022.Baca Juga: Ini rencana penggunaan dana belanja modal Mark Dynamics Indonesia (MARK) untuk 2021“Untuk jangka panjangnya diprediksi akan terus meningkat, tetapi tidak sebesar di tahun 2021-2022,” terang Ridwan saat dihubungi Kontan.co.id, Selasa (2/3).Alhasil, target bottom line dan top line MARK di tahun 2021 tidak terdampak oleh pandemi yang melandai. Hal ini disebabkan karena MARK telah menerima kontrak dari pelanggan untuk penjualan 2021 sesuai target yang ditetapkan dengan penerimaan kontrak sekitar 98%.Kontan.co.id mencatat, beberapa dari pelanggan tersebut terdiri atas pemain-pemain utama produsen sarung tangan di panggung internasional, yakni Hartalega, Top Gloves, Kossan, Sri Tang, Intco, Zhong Hong Pu Lin, dan BlueSail yang memang merupakan pelanggan MARK.Adapun target penjualan yang dipasang MARK tahun ini sebesar Rp 1,06 triliun dengan laba bersih sekitar Rp 300,6 miliar.Untuk tahun 2020, Ridwan bilang, tren permintaan produk MARK meningkat cukup signifikan setelah pandemi menyebar. Kenaikan permintaan ini terlihat di penjualan MARK pada kuartal III-2020 yang meningkat 28% dibanding periode yang sama tahun 2019. Sehingga, Ridwan optimis target penjualan di tahun 2020 yang sebesar Rp 548 miliar akan dapat dicapai MARK.Rencana dividenDengan mempertimbangkan kinerja MARK yang bertumbuh, Ridwan bilang perusahaan akan tetap merencanakan  pembagian dividen seperti tahun tahun sebelumnya. Adapun pembagian dividen sekitar 30% dari laba bersih.Tahun ini, MARK mengalokasikan belanja modal atau capital expenditure senilai Rp 150 miliar dan akan digunakan untuk mendanai pembangunan pabrik baru. Ridwan memastikan, operasional pabrik baru tetap sesuai jadwal yakni di kuartal kedua tahun ini sudah bisa terealisasi.Dengan beroperasinya pabrik anyar tersebut, MARK akan memiliki kapasitas produksi sebesar 1,4 juta pieces per bulan di kuartal II 2021 mendatang.“Sejauh ini untuk target memang belum ada yang berubah. Dan untuk jangka panjang proyeksi kami bahwa permintaan akan terus meningkat,”pungkas dia  "
35,"Yelooo Integra (YELO) akan rights issue setara 262% modal disetor, ini tujuannya",https://investasi.kontan.co.id/news/yelooo-integra-yelo-akan-rights-issue-setara-262-modal-disetor-ini-tujuannya,"KONTAN.CO.ID - JAKARTA. PT Yelooo Integra Datanet Tbk (YELO) berencana untuk menggelar aksi korporasi penambahan modal dengan hak memesan efek terlebih dahulu (PMHMETD) atau rights issue. Emiten yang juga dikenal dengan nama Passpod ini akan menerbitkan sebanyak-banyaknya 1,9 miliar saham baru, dengan nilai nominal Rp 50, atau setara dengan 262% dari modal ditempatkan dan disetor penuh.Dengan asumsi harga tersebut, YELO berpotensi mengantongi dana segar hingga Rp 99,5 miliar. YELO berencana menggelar rapat umum pemegang saham luar biasa (RUPSLB) untuk mendapat persetujuan aksi korporasi ini pada 30 Maret 2021 mendatang.Wewy Suwanto, Direktur Utama YELO mengungkapkan, aksi korporasi ini ditujukan untuk memperbaiki kondisi dan prospek bisnis usaha Yelooo Integra. Wewy menyebut, setelah dikurangi dengan biaya emisi, Yelooo akan menggunakan dana hasil rights issue untuk pengembangan usaha dengan mengakuisisi saham PT Abdi Harapan Unggul.Saham yang akan diakuisisi sejumlah 975.000 saham dengan nilai nominal Rp 100.000,- per saham atau 97,99% dari total kepemilikan saham PT Abdi Harapan Unggul. Setelah proses inbreng untuk akuisisi PT Abdi Harapan Unggul itu selesai, diharapkan dapat menggenjot kinerja YELO ke depan.Baca Juga: Pandemi membuat pendapatan Yelooo Intergra Datanet (YELO) anjlok 93,9% pada 2020Abdi Harapan Unggul memiliki basis penjualan data di pasar dalam negeri yang cukup kuat.  Sementara YELO memiliki basis penjualan data yang kuat di luar negeri. “Rights issue akan memperkuat permodalan, memperkuat konsolidasi usaha. Jika berhasil melakukan rencananya, maka akan menjadi satu entitas yang kuat,” terang Wewy saat paparan publik insidentil, Selasa (2/3).Dalam aksi korporasi tersebut, emiten yang melantai di Bursa Efek Indonesia pada Oktober 2018 ini telah memiliki pembeli siaga (standby buyer). PT Artalindo Semesta Nusantara (ASN) akan mengambil bagian sebesar 1,39 miliar saham dalam rights issue ini. Kemudian, Roby Tan akan bertindak sebagai pembeli saham siaga dari sisa saham yang tidak diambil masyarakat.Baca Juga: Rights issue, Yelooo Integra (YELO) akan kedatangan investor baru"
36,"IHSG rawan koreksi, saham-saham ini bisa dilirik",https://investasi.kontan.co.id/news/ihsg-rawan-koreksi-saham-saham-ini-bisa-dilirik,"KONTAN.CO.ID - JAKARTA. Indeks Harga Saham Gabungan (IHSG) ditutup menguat 0,33% di level 6.359,20 pada perdagangan Selasa (2/3). Sebanyak 225 saham menguat, 253 saham melemah, dan 162 saham stagnan.Pada perdagangan kemarin, investor asing membukukan pembelian bersih (net buy) Rp 27,65 miliar di seluruh pasar.Analis MNC Sekuritas, Aqil Triyadi menjelaskan penguatan IHSG kemarin didorong oleh penguatan bursa global dan rilis data ekonomi PMI Manufacturing yang masih bertahan di level 50 walaupun terjadi penurunan MoM.Baca Juga: IHSG hari ini ditutup menguat 0,33%, analis memprediksi besok akan bergerak terbatasUntuk hari ini, ia memperkirakan IHSG berpotensi terkoreksi wajar melihat dari pergerakan kemarin yang belum terlalu kuat penguatannya menuju ke level resistance 6.428. ""Selain itu, melihat indicator stochastic yang sudah berada di daerah overbought, dan saat ini IHSG sedang berada pada upper bollinger bands,"" jelasnya kepada kontan.co.id, Selasa (2/3).Menurutnya, sentimen yang perlu dicermati dari pergerakan bursa global serta harga komoditas masih menjadi pemicu pergerakan IHSG. MNC Sekuritas memproyeksikan support IHSG besok di level 6.209 - 6.173. Sementara, resistance 6.382 - 6.428.MNC Sekuritas merekomendasikan pelaku pasar untuk memperhatikan saham-saham yang dinilai cukup menarik seperti HMSP dengan support Rp 1.380 - Rp 1.360 dan resistance Rp 1.470 - Rp 1.515, KRAS dengan support Rp 600 dan resistance Rp 740, dan saham SSIA dengan support Rp 500 dan resistance Rp 530 - Rp 550. "
37,"Rupiah diproyeksikan lanjut melemah hari ini Rabu (3/3), simak sentimen pemicunya",https://investasi.kontan.co.id/news/rupiah-diproyeksikan-lanjut-melemah-hari-ini-rabu-33-simak-sentimen-pemicunya,"KONTAN.CO.ID - JAKARTA. Rupiah kembali ditutup melemah pada perdagangan, Selasa (2/3). Pelemahan seiring dengan kenaikan yield US Treasury yang dilatarbelakangi prospek pertumbuhan ekonomi Amerika Serikat.Berdasarkan data Bloomberg,mata uang rupiah melemah 0,49% ke level Rp 14.325. Demikian halnya dengan kurs tengah Bank Indonesia juga melemah 0,05% ke Rp 14.307 per dolar AS.Presiden Komisioner HFX International Berjangka Sutopo Widodo menyebutkan USD/IDR pada sesi Senin pagi (1/3) ditutup imbang dengan harga pembukaan di kisaran Rp 14.225. Kemudian, hari ini kembali menguat mendekati tingkat resistance hari Senin Rp 14.310. ""Posisi harga saat ini berada pada angka kisaran Rp 14.300,"" ujarnya kepada kontan.co.id, Selasa (2/3).Pelemahan rupiah hari ini, menurutnya merupakan lanjutan koreksi dalam sehari sebelumnya di tengah kecenderungan penguatan mata uang dolar AS secara global. Baca Juga: Ini sentimen yang menyeret rupiah ke Rp 14.325 per dolar AS pada penutupan hari ini""Dolar AS di bawah posisi satu minggu tertingginya, agak terkoreksi dengan rebound teknikal risk currencies dari tekanan dalamnya minggu lalu dan hari ini dolar indeks kembali menguat di level 91,38 dengan puncak krusial 91,58,"" jelasnya.Sutopo bilang, secara teknikal mata uang rupiah sedang bearish namun sudah di sekitar support kuatnya dengan peluang rebound teknikal setelah koreksi tajam. Rentang pergerakan pasar semingu ini diperkirakan antara Rp 14.225 – Rp 14.425 per dolar AS. Sementara, untuk Rabu (3/3) rupiah diproyeksikan masih akan melemah sehingga akan bergerak di kisaran Rp 14.330 - Rp 14.415.Menurutnya, penguatan dolar AS yang membuat rupiah melemah, didukung oleh sentimen luar yang mengacu pada pergerakan tren imbal hasil obligasi dari surat utang pemerintah AS (US Treasury) yang meningkat. Serta oleh data ekonomi AS yang membaik IMP Manufaktur ISM AS naik menjadi 60,8 di bulan Februari, dari 58,7 di atas ekspektasi 58,9.""PMI Manufaktur terus menunjukkan ekspansi yang kuat dan pertumbuhan ekonomi AS di bulan Februari. Empat dari lima subindex yang secara langsung memperhitungkan PMI berada di wilayah pertumbuhan dan berada pada tingkat yang lebih tinggi dibandingkan bulan Januari. Sentimen luar yang akan mempengaruhi pergerakan harga adalah laporan upah non pertanian pada hari Jumat (5/3),"" terangnya.Head of Economics Research Pefindo Fikri C. Permana memproyeksikan rupiah pada Rabu (3/3) masih akan melemah. Menurutnya, dalam jangka pendek masih ada tekanan, khususnya dari luar negeri, yakni kenaikan yield US treasury.""Kenaikan yield US treasury sangat memberikan risiko jangka pendek dan sentimen jangka pendek yang lebih negatif bagi negara berkembang,"" ujarnya.Di saat yang sama, pasar saham di negara maju sangat volatile karena peningkatan risiko geo-politik beberapa waktu terakhir antara terutama China dengan Amerika. 
Sentimen lainnya, harga minyak dunia relatif lebih rendah, serta adanya risiko dari beberapa instrumen yang sebelumnya belum menjadi instrumen utama seperti virtual currency.Akibatnya, ia memproyeksikan dalam satu minggu ke depan rupiah masih akan terdepresiasi. ""Untuk Rabu (3/3) rupiah akan bergerak di antara Rp 14.300 - Rp 14.400,"" sebutnya.Senada, Analis Global Kapital Investama Alwi Assegaf memproyeksikan imbal hasil US treasury masih akan memberatkan rupiah atas dollar dan membaiknya IMP Manufaktur ISM AS. Karenanya, ia memprediksi rupiah masih akan bergerak melemah.""Untuk Rabu (3/3), support ada di kisaran Rp 14.275 dan resistance di Rp 14.455,"" sebutnya. "
38,BEI minta unicorn-unicorn Indonesia segera listing di pasar modal,https://investasi.kontan.co.id/news/bei-minta-unicorn-unicorn-indonesia-segera-listing-di-pasar-modal,"KONTAN.CO.ID - JAKARTA. Ada satu permintaan yang diungkapkan Bursa Efek Indonesia ( BEI) kepada unicorn-unicorn Indonesia seperti Gojek, Tokopedia, Traveloka, dan lain-lain. Yakni, para unicorn hendaknya segera melantai alias listing saham (initial public offering/IPO) di pasar modal Indonesia. Direktur Utama BEI Inarno Djajadi mengaku, pihaknya telah beberapa kali bertemu dengan startup-startup tersebut dan membicarakan hal ini. Dia bahkan tak segan-segan menawarkan dukungan yang mungkin akan diperlukan oleh startup untuk melantai di bursa. ""Kami sudah berbicara dengan unicorn-unicorn untuk segera me-listing saham (di BEI). Kami sudah meeting beberapa kali dengan mereka dan membicarakan tentang apa yang bisa kami support untuk mereka bisa listing,"" kata Inarno dalam MNC Group Investor Forum 2021 secara virtual, Selasa (2/3/2021). Inarno menyebut, BEI sudah menyediakan tempat bagi startup serta Usaha Mikro Kecil dan Menengah (UMKM) untuk bisa mencatatkan sahamnya di bursa. Hal itu kata dia, sudah menjadi inisiatif BEI beberapa tahun belakangan. Baca Juga: Ini 10 saham paling banyak dikoleksi asing saat IHSG menguat, Selasa (2/3)""Kami memiliki main board, development board, dan yang terakhir adalah acceleration board yang (bisa) digunakan untuk mengakomodasi startup dan SME (small-medium enterprise). Itu adalah inisiatif kami,"" ucap Inarno. Sebelumnya, Direktur Penilaian Perusahaan Bursa Efek Indonesia (BEI), I Gede Nyoman Yetna mengatakan akan ada 3 startup yang bakal IPO tahun ini. Baca Juga: Berencana melantai di bursa, Ulima Nitra gunakan kode saham UNIQ"
39,"Awas bakal ada diskon saham hari ini (3/3), saham berikut bisa jadi rekomendasi",https://investasi.kontan.co.id/news/awas-bakal-ada-diskon-saham-hari-ini-33-saham-berikut-bisa-jadi-rekomendasi,"KONTAN.CO.ID - JAKARTA. Setelah Indeks Harga Saham Gabungan alias IHSG menguat dua hari berturut-turut. IHSG hari ini (3/3) diperkirakan bakal kena diskon. Pada Selasa (2/3), IHSG berhasil ditutup menguat 0,33% di level 6.359,21. Nafan Aji Analis Binaartha Sekuritas menjelaskan, pergerakan IHSG hari ini berdasarkan indikator MACD dan RSI masih menunjukkan sinyal positif. Namun demikian, Stochastic mulai menunjukkan jenuh beli atau overbought. Di sisi lain, terlihat pola bearish spinning top candle yang mengindikasikan adanya potensi koreksi wajar pada pergerakan IHSG hari ini (3/3). Baca Juga: Hati-hati, IHSG diprediksi terkoreksi pada esok hariNafan memperkirakan, IHSG hari ini berdasarkan rasio fibonacci adapun support maupun resistance berada pada kisaran 6.256,03 - 6.455,53. Adapun sejumlah rekomendasi saham yang dapat menjadi pertimbangan investor, antara lain sebagai berikut: 1. Astra Agro Lestari (AALI). Pergerakan harga saham AALI telah menguji garis MA 10 sehingga peluang terjadinya penguatan minimal menuju ke level resistance pertama masih terbuka lebar. Nafan beri rekomendasi untuk akumulasi saham AALI pada area level Rp 10.750 – Rp 11.050, dengan target harga secara bertahap di Rp 11.575, Rp 12.650 dan Rp 13.750. Support ada di Rp 10.750 dan Rp 10.475. Saham AALI ditutup di Rp 11.050. (RoE: 4.33%; PER: 25.26x; EPS: 438.47; PBV: 1.11x; Beta: 1.63). 2. Bekasi Fajar Industrial Estate (BEST). Pergerakan harga saham BEST telah menguji beberapa garis MA 10 maupun MA 20 sehingga peluang terjadinya penguatan minimal menuju ke level resistance pertama masih terbuka lebar. Rekomendasi untuk saham BEST adalah akumulasi saat pada area Rp 156 – Rp 162, dengan target harga secara bertahap di level Rp 179, Rp 190, Rp 198 dan Rp 234. Support ada di Rp 148. Saham BEST ditutup di Rp 162. (RoE: -3.31%; PER: -10.98x; EPS: -14.93; PBV: 0.37x; Beta: 1.63).Baca Juga: IHSG hari ini ditutup menguat 0,33%, analis memprediksi besok akan bergerak terbatas3. United Tractors (UNTR). Pergerakan harga saham UNTR telah menguji garis MA 10 sehingga peluang terjadinya penguatan minimal menuju ke level resistance pertama masih terbuka lebar. Saham UNTR diberi rekomendasi untuk akumulasi pada area level Rp 22.500 – Rp 22.900, dengan target harga secara bertahap di Rp 23.250, Rp 24.100, Rp 25.175, Rp 27.725, Rp 30.250 dan Rp 34.500. Support ada di Rp 22.000 dan Rp 20.100. Saham UNTR ditutup di Rp 22.900. (RoE: 9.51%; PER: 14.08x; EPS: 1622.49; PBV: 1.35x; Beta: 0.81). 4. Wijaya Karya Bangunan Gedung (WEGE).  Pergerakan harga saham WEGE telah menguji beberapa garis MA 10 maupun MA 20 sehingga peluang terjadinya penguatan minimal menuju ke level resistance pertama masih terbuka lebar. Rekomendasi saham WEGE adalah akumulasi beli pada area level Rp 236 – Rp 242, dengan target harga secara bertahap di level Rp 250, Rp 314 dan Rp 378. Support ada di Rp 222 dan Rp 200. Saham WEGE ditutup di Rp 242. (RoE: 7.92%; PER: 13.20x; EPS: 18.19; PBV: 1.04x; Beta: 2.24).5. Waskita Beton Precast (WSBP). Pergerakan harga saham WSBP telah menguji beberapa garis MA 10 maupun MA 20 sehingga peluang terjadinya penguatan minimal menuju ke level resistance pertama masih terbuka lebar. Rekomendasi untuk saham WEGE adalah akumulasi pada area level Rp 256 – Rp 262, dengan target harga secara bertahap di level Rp 278, Rp 298, Rp 314 dan Rp 382. Support ada di Rp 244. Saham WSBP ditutup di Rp 262. (RoE: -27.80%; PER: -4.54x; EPS: -57.71; PBV: 1.26x; Beta: 2.19). Baca Juga: Saat IHSG menguat, asing banyak melepas saham-saham ini pada Selasa (2/3)6. Waskita Karya (WSKT). Pergerakan harga saham WSKT telah menguji garis MA 60 sehingga peluang terjadinya penguatan minimal menuju ke level resistance pertama masih terbuka lebar. Rekomendasi untuk saham WSKT adalah akumulasi pada area level Rp 1.480 – Rp 1.490, dengan target harga secara bertahap di level level Rp 1.570, Rp 1.670 dan Rp 2.100. Support ada di Rp 1.445. Saham WSKT ditutup di Rp 1.490. (RoE: -15.22%; PER: -5.76x; EPS: -258.52; PBV: 0.88x; Beta: 3.01). "
